position,depo_index,blob_index,val,depo_x,depo_y,depo_z,blob_x,blob_y,blob_z,dx,dy,dz
depo000_x3401mm,0,0,18720.115234375,3401.5381109973882,3000.0,1000.7070922851562,3403.1068,2998.4918993513984,1001.4609370165326,1.5686890026117908,-1.5081006486016122,0.7538447313763754
depo001_x3400mm,1,0,57358.41796875,3400.0049999999997,3000.0,1000.0,3399.9067999999997,2998.4918993513984,1001.4609370165326,-0.09819999999990614,-1.5081006486016122,1.4609370165326254
depo001_x3400mm,1,1,22413.91015625,3396.7068,3000.0,1000.0,3396.7068,2998.4918993513984,1001.4609370165326,0.0,-1.5081006486016122,1.4609370165326254
depo002_x3301mm,2,0,8521.1103515625,3302.3744781932364,3000.0,1000.7070922851562,3303.9067999999997,2998.983325970942,1001.4710010969735,1.5323218067633206,-1.0166740290578673,0.7639088118172594
depo002_x3301mm,2,1,51091.421875,3300.712099655763,3000.0,1000.7070922851562,3300.7068,2997.3833657706105,1001.4710015675637,-0.005299655762883049,-2.616634229389547,0.7639092824074396
depo003_x3300mm,3,0,35035.421875,3298.999797789515,3000.0,1000.0,3297.5067999999997,2997.3833657706105,1001.4710015675637,-1.492997789515357,-2.616634229389547,1.4710015675636896
depo004_x3201mm,4,0,2848.75146484375,3203.187819485501,3000.0,1000.7070922851562,3204.7068,3002.491796644126,998.5356619277754,1.5189805144987076,2.491796644126225,-2.171430357380814
depo004_x3201mm,4,1,41986.5546875,3200.751419108985,3000.0,1000.7070922851562,3201.5067999999997,3000.491847731548,999.3844454304023,0.7553808910147382,0.49184773154820505,-1.322646854753998
depo005_x3200mm,5,0,44550.55859375,3199.576880780945,3000.0,1000.0,3198.3068,2997.3833657706105,1001.4710015675637,-1.2700807809451362,-2.616634229389547,1.4710015675636896
depo005_x3200mm,5,1,3999.100341796875,3195.1068,3000.0,1000.0,3195.1068,2998.4918974255406,1001.4860964551447,0.0,-1.5081025744593717,1.4860964551446614
depo006_x3101mm,6,0,29638.779296875,3101.143400766116,3000.0,1000.7070922851562,3102.3068,2997.3833657706105,1001.4710015675637,1.1633992338838652,-2.616634229389547,0.7639092824074396
depo007_x3100mm,7,0,49200.39453125,3099.899492538579,3000.0,1000.0,3099.1067999999996,2997.3833657706105,1001.4710015675637,-0.7926925385795585,-2.616634229389547,1.4710015675636896
depo007_x3100mm,7,1,10761.37890625,3097.3970584833605,3000.0,1000.0,3095.9067999999997,2998.4918993513984,1001.4609370165326,-1.4902584833607762,-1.5081006486016122,1.4609370165326254
depo008_x3001mm,8,0,18021.494140625,3001.801628593627,3000.0,1000.7070922851562,3003.1067999999996,2998.4918993513984,1001.4609370165326,1.305171406372665,-1.5081006486016122,0.7538447313763754
depo009_x3000mm,9,0,49817.02734375,2999.997405678664,3000.0,1000.0,2999.9067999999997,2997.3833657706105,1001.4710015675637,-0.09060567866436031,-2.616634229389547,1.4710015675636896
depo009_x3000mm,9,1,20168.712890625,2998.1178961372207,3000.0,1000.0,2996.7068,2997.3833657706105,1001.4710015675637,-1.4110961372207385,-2.616634229389547,1.4710015675636896
depo010_x2901mm,10,0,8392.6474609375,2902.541916233166,3000.0,1000.7070922851562,2903.9067999999997,2994.183450019061,1001.4710013948827,1.3648837668338274,-5.816549980938817,0.7639091097264554
depo010_x2901mm,10,1,44322.01171875,2900.7114172753327,3000.0,1000.7070922851562,2900.7068,2997.3833657706105,1001.4710015675637,-0.00461727533274825,-2.616634229389547,0.7639092824074396
depo011_x2900mm,11,0,31403.013671875,2898.7818179087153,3000.0,1000.0,2897.5067999999997,2997.3833657706105,1001.4710015675637,-1.275017908715654,-2.616634229389547,1.4710015675636896
depo012_x2801mm,12,0,2479.66064453125,2803.3106977059742,3000.0,1000.7070922851562,2804.7068,3006.491692604533,1001.4609365200172,1.3961022940256953,6.491692604533,0.7538442348609351
depo012_x2801mm,12,1,36244.5234375,2800.9076791404846,3000.0,1000.7070922851562,2801.5067999999997,2998.4918993513984,1001.4609370165326,0.5991208595150965,-1.5081006486016122,0.7538447313763754
depo013_x2800mm,13,0,38253.140625,2799.3401335924186,3000.0,1000.0,2798.3068,2998.4918993513984,1001.4609370165326,-1.033333592418785,-1.5081006486016122,1.4609370165326254
depo013_x2800mm,13,1,5722.87744140625,2796.549260919128,3000.0,1000.0,2795.1067999999996,2998.4918974255406,1001.4860964551447,-1.4424609191282798,-1.5081025744593717,1.4860964551446614
depo014_x2701mm,14,0,29225.341796875,2701.3551320765087,3000.0,1000.7070922851562,2702.3068,2998.4918986577704,999.8636047270405,0.9516679234911862,-1.5081013422295655,-0.8434875581157257
depo015_x2700mm,15,0,47320.22265625,2699.7324091812543,3000.0,1000.0,2699.1067999999996,2998.4918986577704,999.8636047270405,-0.6256091812547311,-1.5081013422295655,-0.13639527295947573
depo015_x2700mm,15,1,11142.6826171875,2697.2818171591293,3000.0,1000.0,2695.9067999999997,2998.4918986577704,999.8636047270405,-1.3750171591295839,-1.5081013422295655,-0.13639527295947573
depo016_x2601mm,16,0,18653.650390625,2601.9747359409157,3000.0,1000.7070922851562,2603.1067999999996,3000.491847731548,999.3844454304023,1.1320640590838593,0.49184773154820505,-1.322646854753998
depo017_x2600mm,17,0,48155.0703125,2599.9769684639195,3000.0,1000.0,2599.9067999999997,3000.491847731548,999.3844454304023,-0.07016846391979925,0.49184773154820505,-0.615554569597748
depo017_x2600mm,17,1,20413.728515625,2597.9805830430514,3000.0,1000.0,2596.7068,3000.491847731548,999.3844454304023,-1.2737830430514805,0.49184773154820505,-0.615554569597748
depo018_x2501mm,18,0,9073.0791015625,2502.6769261104673,3000.0,1000.7070922851562,2503.9067999999997,3000.491847731548,999.3844454304021,1.2298738895324277,0.49184773154820505,-1.3226468547541117
depo018_x2501mm,18,1,44653.48046875,2500.710358004684,3000.0,1000.7070922851562,2500.7068,2998.4918986577704,999.8636047270405,-0.0035580046842369484,-1.5081013422295655,-0.8434875581157257
depo019_x2500mm,19,0,32130.2265625,2498.622928374306,3000.0,1000.0,2497.5067999999997,2998.4918986577704,999.8636047270405,-1.1161283743062995,-1.5081013422295655,-0.13639527295947573
depo020_x2401mm,20,0,3433.385498046875,2403.418577726678,3000.0,1000.7070922851562,2404.7068,3005.77239488,1001.9276164080724,1.288222273321935,5.772394879999865,1.2205241229161174
depo020_x2401mm,20,1,37224.63671875,2401.0318299264545,3000.0,1000.7070922851562,2401.5068,2998.4918986577704,999.8636047270405,0.47497007354559173,-1.5081013422295655,-0.8434875581157257
depo021_x2400mm,21,0,39060.46484375,2399.1748460270655,3000.0,1000.0,2398.3068,2998.4918986577704,999.8636047270405,-0.8680460270657022,-1.5081013422295655,-0.13639527295947573
depo021_x2400mm,21,1,5474.87109375,2396.460517594778,3000.0,1000.0,2395.1067999999996,3000.0918580475554,1000.6742353477136,-1.3537175947785727,0.09185804755543359,0.6742353477136476
depo022_x2301mm,22,0,28678.005859375,2301.5092004416438,3000.0,1000.7070922851562,2302.3068,2998.4918986577704,999.8636047270405,0.7975995583560689,-1.5081013422295655,-0.8434875581157257
depo023_x2300mm,23,0,44372.1484375,2299.6088317330946,3000.0,1000.0,2299.1067999999996,3000.491847731548,999.3844454304023,-0.5020317330950093,0.49184773154820505,-0.615554569597748
depo023_x2300mm,23,1,12613.2490234375,2297.179159371799,3000.0,1000.0,2295.9067999999997,3000.491847731548,999.3844454304021,-1.2723593717992117,0.49184773154820505,-0.6155545695978617
depo024_x2201mm,24,0,17789.578125,2202.1134639131615,3000.0,1000.7070922851562,2203.1067999999996,2998.4918986577704,999.8636047270405,0.9933360868380987,-1.5081013422295655,-0.8434875581157257
depo025_x2200mm,25,0,44866.2109375,2199.9619354938527,3000.0,1000.0,2199.9067999999997,2998.4918986577704,999.8636047270405,-0.05513549385295846,-1.5081013422295655,-0.13639527295947573
depo025_x2200mm,25,1,22095.544921875,2197.862600646821,3000.0,1000.0,2196.7068,2998.4918986577704,999.8636047270405,-1.1558006468212625,-1.5081013422295655,-0.13639527295947573
depo026_x2101mm,26,0,9468.5126953125,2102.793464839522,3000.0,1000.7070922851562,2103.9067999999997,2998.4918986577704,999.8636047270405,1.113335160477618,-1.5081013422295655,-0.8434875581157257
depo026_x2101mm,26,1,42301.69140625,2100.709621698994,3000.0,1000.7070922851562,2100.7068,2998.4918986577704,999.8636047270405,-0.0028216989940119674,-1.5081013422295655,-0.8434875581157257
depo027_x2100mm,27,0,30391.876953125,2098.4922327238446,3000.0,1000.0,2097.5067999999997,2998.4918986577704,999.8636047270405,-0.9854327238449514,-1.5081013422295655,-0.13639527295947573
depo028_x2000mm,28,0,0.0,2003.4506579983613,3000.0,1000.0,2004.7067999999997,3002.4917966715934,1003.0582690577668,1.256142001638409,2.49179667159342,3.058269057766779
depo028_x2000mm,28,1,16193.00390625,2000.8334071334025,3000.0,1000.0,2001.5067999999997,3000.491847731548,999.3844454304021,0.6733928665971689,0.49184773154820505,-0.6155545695978617
depo028_x2000mm,28,2,19582.494140625,1999.0467224523074,3000.0,1000.0,1998.3067999999998,2998.4918986577704,999.8636047270405,-0.73992245230761,-1.5081013422295655,-0.13639527295947573
depo028_x2000mm,28,3,807.4010620117188,1996.377973708231,3000.0,1000.0,1995.1067999999998,2996.8919421810033,996.8406387941135,-1.2711737082311174,-3.1080578189967127,-3.159361205886512
depo028_x2000mm,28,4,763.2673950195312,1996.377973708231,3000.0,1000.0,1995.1067999999998,3005.77239488,1001.9276164080724,-1.2711737082311174,5.772394879999865,1.9276164080723674
depo029_x1900mm,29,0,10151.001953125,1901.42472512426,3000.0,1000.0,1902.3067999999998,2998.4918986577704,999.8636047270405,0.8820748757398178,-1.5081013422295655,-0.13639527295947573
depo029_x1900mm,29,1,21871.298828125,1899.5208740123703,3000.0,1000.0,1899.1067999999998,2998.4918986577704,999.8636047270405,-0.41407401237052,-1.5081013422295655,-0.13639527295947573
depo029_x1900mm,29,2,6110.087890625,1897.0855779729072,3000.0,1000.0,1895.9067999999997,2998.4918986577704,999.8636047270405,-1.1787779729074828,-1.5081013422295655,-0.13639527295947573
depo030_x1800mm,30,0,4946.7646484375,1802.0875681226519,3000.0,1000.0,1803.1067999999998,3000.491847731548,999.3844454304021,1.01923187734792,0.49184773154820505,-0.6155545695978617
depo030_x1800mm,30,1,20991.796875,1799.9517990864256,3000.0,1000.0,1799.9067999999997,3000.491847731548,999.3844454304021,-0.0449990864258325,0.49184773154820505,-0.6155545695978617
depo030_x1800mm,30,2,12392.912109375,1797.7580851001514,3000.0,1000.0,1796.7067999999997,3000.491847731548,999.3844454304021,-1.0512851001517447,0.49184773154820505,-0.6155545695978617
depo031_x1700mm,31,0,3356.0478515625,1702.7951986876426,3000.0,1000.0,1703.9068,2998.491900178759,998.9052863820217,1.1116013123573794,-1.5080998212411032,-1.0947136179783001
depo031_x1700mm,31,1,18578.236328125,1700.4060406484655,3000.0,1000.0,1700.7068,3000.491847731548,999.3844454304021,0.30075935153445243,0.49184773154820505,-0.6155545695978617
depo031_x1700mm,31,2,16372.1650390625,1698.3817898139823,3000.0,1000.0,1697.5067999999999,3000.491847731548,999.3844454304021,-0.8749898139824381,0.49184773154820505,-0.6155545695978617
depo032_x1600mm,32,0,15343.0048828125,1600.9290003658098,3000.0,1000.0,1601.5067999999999,3000.491847731548,999.3844454304021,0.5777996341901144,0.49184773154820505,-0.6155545695978617
depo032_x1600mm,32,1,19353.75,1598.946261026588,3000.0,1000.0,1598.3067999999998,3000.491847731548,999.3844454304021,-0.6394610265881511,0.49184773154820505,-0.6155545695978617
depo032_x1600mm,32,2,3702.976806640625,1596.3004973196112,3000.0,1000.0,1595.1068,3000.491847731548,999.3844454304021,-1.1936973196111467,0.49184773154820505,-0.6155545695978617
depo033_x1500mm,33,0,10906.9326171875,1501.5261835551196,3000.0,1000.0,1502.3067999999998,3000.491847731548,999.3844454304021,0.780616444880252,0.49184773154820505,-0.6155545695978617
depo033_x1500mm,33,1,20674.60546875,1499.4571895410904,3000.0,1000.0,1499.1068,2998.4918986577704,999.8636047270405,-0.3503895410904079,-1.5081013422295655,-0.13639527295947573
depo033_x1500mm,33,2,7605.677734375,1496.9994357895077,3000.0,1000.0,1495.9068,3000.491847731548,999.3844454304021,-1.0926357895077672,0.49184773154820505,-0.6155545695978617
depo034_x1400mm,34,0,6333.17236328125,1402.1823486617773,3000.0,1000.0,1403.1068,2998.4918986577704,999.8636047270405,0.9244513382227524,-1.5081013422295655,-0.13639527295947573
depo034_x1400mm,34,1,19082.14453125,1399.9446911054133,3000.0,1000.0,1399.9068,2998.4918986577704,999.8636047270405,-0.037891105413336845,-1.5081013422295655,-0.13639527295947573
depo034_x1400mm,34,2,12148.078125,1397.664992107139,3000.0,1000.0,1396.7068,2998.4918986577704,999.8636047270405,-0.9581921071389843,-1.5081013422295655,-0.13639527295947573
depo035_x1300mm,35,0,2876.765625,1302.8799318255333,3000.0,1000.0,1303.9067999999997,2999.211196512323,1001.9276181424655,1.0268681744664718,-0.788803487676887,1.9276181424654624
depo035_x1300mm,35,1,17811.353515625,1300.450370023881,3000.0,1000.0,1300.7068,3000.491847731548,999.3844454304021,0.2564299761188522,0.49184773154820505,-0.6155545695978617
depo035_x1300mm,35,2,15812.615234375,1298.2885120826154,3000.0,1000.0,1297.5068,3000.491847731548,999.3844454304021,-0.7817120826152859,0.49184773154820505,-0.6155545695978617
depo035_x1300mm,35,3,355.4178161621094,1295.5109435623808,3000.0,1000.0,1294.3067999999998,2998.4918991214463,1001.8242178323266,-1.2041435623809775,-1.5081008785537051,1.8242178323265534
depo036_x1201mm,36,0,4922.779296875,1203.6874132091689,3000.0,1000.7070922851562,1204.7068,2998.4918986577704,999.8636047270405,1.0193867908310494,-1.5081013422295655,-0.8434875581157257
depo036_x1201mm,36,1,31704.97265625,1201.2279377938312,3000.0,1000.7070922851562,1201.5068,3000.491847731548,999.3844454304023,0.2788622061689239,0.49184773154820505,-1.322646854753998
depo037_x1200mm,37,0,33348.23828125,1198.866944638799,3000.0,1000.0,1198.3067999999998,3000.491847731548,999.3844454304023,-0.5601446387991018,0.49184773154820505,-0.615554569597748
depo037_x1200mm,37,1,6041.56103515625,1196.227571269757,3000.0,1000.0,1195.1068,2998.4918986577704,999.8636047270405,-1.120771269756915,-1.5081013422295655,-0.13639527295947573
depo038_x1101mm,38,0,1660.4365234375,1104.4137557906324,3000.0,1000.7070922851562,1105.5068,2994.4920018577686,1001.2492274448603,1.0930442093676902,-5.507998142231372,0.542135159704003
depo038_x1101mm,38,1,25138.267578125,1101.792558824362,3000.0,1000.7070922851562,1102.3067999999998,2998.4918986577704,999.8636047270405,0.5142411756378351,-1.5081013422295655,-0.8434875581157257
depo039_x1100mm,39,0,36911.33984375,1099.4096454642631,3000.0,1000.0,1099.1068,2998.4918986577704,999.8636047270405,-0.30284546426310044,-1.5081013422295655,-0.13639527295947573
depo039_x1100mm,39,1,11906.0302734375,1096.920219581158,3000.0,1000.0,1095.9067999999997,2998.4918986577704,999.8636047270405,-1.0134195811583595,-1.5081013422295655,-0.13639527295947573
depo040_x1001mm,40,0,0.0,1005.1583141031792,3000.0,1000.7070922851562,1006.3067999999998,3006.4916934318935,998.9052858855063,1.1484858968206026,6.491693431893509,-1.8018063996499905
depo040_x1001mm,40,1,17916.927734375,1002.4080067549985,3000.0,1000.7070922851562,1003.1068,3000.491847731548,999.3844454304023,0.6987932450015251,0.49184773154820505,-1.322646854753998
depo041_x1000mm,41,0,37570.9921875,999.9394772211353,3000.0,1000.0,999.9067999999997,3000.491847731548,999.3844454304023,-0.03267722113560012,0.49184773154820505,-0.615554569597748
depo041_x1000mm,41,1,19645.28515625,997.5825155931489,3000.0,1000.0,996.7067999999999,3000.491847731548,999.3844454304023,-0.8757155931489251,0.49184773154820505,-0.615554569597748
depo042_x901mm,42,0,10048.8330078125,903.067839787353,3000.0,1000.7070922851562,903.9067999999997,3000.491847731548,999.3844454304023,0.8389602126467253,0.49184773154820505,-1.322646854753998
depo042_x901mm,42,1,34256.34375,900.7085377424837,3000.0,1000.7070922851562,900.7067999999999,3000.491847731548,999.3844454304023,-0.0017377424837832223,0.49184773154820505,-1.322646854753998
depo043_x900mm,43,0,27104.177734375,898.2099411982149,3000.0,1000.0,897.5067999999997,3000.491847731548,999.3844454304023,-0.7031411982152349,0.49184773154820505,-0.615554569597748
depo043_x900mm,43,1,2077.361328125,895.4478642031704,3000.0,1000.0,894.3067999999998,3002.4917968053264,998.9052861337641,-1.141064203170572,2.4917968053264303,-1.0947138662359066
depo044_x801mm,44,0,4789.6279296875,803.7621288993255,3000.0,1000.7070922851562,804.7067999999999,2998.4918986577704,999.8636047270405,0.9446711006744408,-1.5081013422295655,-0.8434875581157257
depo044_x801mm,44,1,30427.453125,801.2628837217262,3000.0,1000.7070922851562,801.5067999999997,3000.491847731548,999.3844454304023,0.24391627827344564,0.49184773154820505,-1.322646854753998
depo045_x800mm,45,0,30984.8984375,798.8035705541556,3000.0,1000.0,798.3067999999998,3000.491847731548,999.3844454304023,-0.4967705541557734,0.49184773154820505,-0.615554569597748
depo045_x800mm,45,1,5533.966796875,796.1591289422895,3000.0,1000.0,795.1068,3000.491847731548,999.3844454304023,-1.0523289422894777,0.49184773154820505,-0.615554569597748
depo046_x701mm,46,0,334.5357666015625,704.4817914751984,3000.0,1000.7070922851562,705.5067999999997,2994.4920020312034,999.8636049752981,1.025008524801251,-5.507997968796644,-0.8434873098581193
depo046_x701mm,46,1,22691.892578125,701.8502394757984,3000.0,1000.7070922851562,702.3067999999998,2998.4918986577704,999.8636047270405,0.4565605242014499,-1.5081013422295655,-0.8434875581157257
depo047_x700mm,47,0,34789.94140625,699.3730615238856,3000.0,1000.0,699.1068,2998.4918986577704,999.8636047270405,-0.26626152388553237,-1.5081013422295655,-0.13639527295947573
depo047_x700mm,47,1,11900.826171875,696.8478348361568,3000.0,1000.0,695.9067999999997,2998.4918986577704,999.8636047270405,-0.9410348361570868,-1.5081013422295655,-0.13639527295947573
depo048_x601mm,48,0,0.0,605.2198183909227,3000.0,1000.7070922851562,606.3067999999998,2998.491900178759,998.9052863820217,1.0869816090771565,-1.5080998212411032,-1.8018059031345501
depo048_x601mm,48,1,17080.58203125,602.4761272142678,3000.0,1000.7070922851562,603.1068,3000.491847731548,999.3844454304023,0.6306727857322585,0.49184773154820505,-1.322646854753998
depo049_x600mm,49,0,34957.140625,599.9355046471833,3000.0,1000.0,599.9067999999997,3000.491847731548,999.3844454304023,-0.02870464718353105,0.49184773154820505,-0.615554569597748
depo049_x600mm,49,1,18754.4609375,597.5098976753839,3000.0,1000.0,596.7067999999999,3000.491847731548,999.3844454304023,-0.8030976753839241,0.49184773154820505,-0.615554569597748
depo050_x501mm,50,0,9534.576171875,503.1379928798174,3000.0,1000.7070922851562,503.90679999999975,2998.4918986577704,999.8636047270405,0.7688071201823732,-1.5081013422295655,-0.8434875581157257
depo050_x501mm,50,1,32378.361328125,500.7083323945544,3000.0,1000.7070922851562,500.70679999999993,2998.4918986577704,999.8636047270405,-0.001532394554487837,-1.5081013422295655,-0.8434875581157257
depo051_x500mm,51,0,25481.357421875,498.1436789441118,3000.0,1000.0,497.50679999999966,2998.4918986577704,999.8636047270405,-0.6368789441121407,-1.5081013422295655,-0.13639527295947573
depo051_x500mm,51,1,2038.79443359375,495.38784826392066,3000.0,1000.0,494.30679999999984,3000.491847731548,999.3844454304021,-1.0810482639208203,0.49184773154820505,-0.6155545695978617
depo052_x401mm,52,0,4736.33837890625,403.82977242192555,3000.0,1000.7070922851562,404.70679999999993,3000.491847731548,999.3844454304021,0.8770275780743759,0.49184773154820505,-1.3226468547541117
depo052_x401mm,52,1,27913.140625,401.29024181031537,3000.0,1000.7070922851562,401.50679999999966,3002.4917968053264,998.905286133764,0.2165581896842923,2.4917968053264303,-1.8018061513922703
depo053_x400mm,53,0,29298.78125,398.7521970254288,3000.0,1000.0,398.30679999999984,3002.4917968053264,998.905286133764,-0.4453970254289743,2.4917968053264303,-1.0947138662360203
depo053_x400mm,53,1,5546.9619140625,396.09528386832835,3000.0,1000.0,395.1068,3000.491847731548,999.3844454304021,-0.9884838683283306,0.49184773154820505,-0.6155545695978617
depo053_x400mm,53,2,0.0,396.09528386832835,3000.0,1000.0,395.1068,2070.515881757927,1001.8243615667691,-0.9884838683283306,-929.4841182420728,1.8243615667690847
depo054_x301mm,54,0,1485.48876953125,304.5449659861938,3000.0,1000.7070922851562,305.50679999999966,3002.4917951109023,1001.2492262057701,0.9618340138058556,2.4917951109023306,0.5421339206138782
depo054_x301mm,54,1,22884.359375,301.8969616928857,3000.0,1000.7070922851562,302.30679999999984,2998.4918986577704,999.8636047270405,0.4098383071141143,-1.5081013422295655,-0.8434875581157257
depo055_x300mm,55,0,33060.4921875,299.3441541309153,3000.0,1000.0,299.1068,2998.4918986577704,999.8636047270405,-0.23735413091526425,-1.5081013422295655,-0.13639527295947573
depo055_x300mm,55,1,11229.443359375,296.7821489934772,3000.0,1000.0,295.90679999999975,2998.4918986577704,999.8636047270405,-0.8753489934774734,-1.5081013422295655,-0.13639527295947573
depo056_x201mm,56,0,0.0,205.27798052127991,3000.0,1000.7070922851562,206.30679999999984,2999.600433101684,996.4874216214496,1.0288194787199245,-0.3995668983161522,-4.219670663706665
depo056_x201mm,56,1,15964.298828125,202.5334857139037,3000.0,1000.7070922851562,203.10680000000002,3000.491847731548,999.3844454304023,0.5733142860963198,0.49184773154820505,-1.322646854753998
depo057_x200mm,57,0,32392.208984375,199.9323833163835,3000.0,1000.0,199.90679999999975,3000.491847731548,999.3844454304023,-0.025583316383745114,0.49184773154820505,-0.615554569597748
depo057_x200mm,57,1,17935.97265625,197.44618507644418,3000.0,1000.0,196.70679999999993,3000.491847731548,999.3844454304023,-0.7393850764442504,0.49184773154820505,-0.615554569597748
depo057_x200mm,57,2,644.826416015625,194.60983780181823,3000.0,1000.0,193.50679999999966,3000.0918580475554,1000.6742353477136,-1.103037801818573,0.09185804755543359,0.6742353477136476
depo058_x101mm,58,0,9039.56640625,103.19925051404198,3000.0,1000.7070922851562,103.90679999999975,2998.4918986577704,999.8636047270405,0.7075494859577702,-1.5081013422295655,-0.8434875581157257
depo058_x101mm,58,1,29863.9296875,100.70816998822602,3000.0,1000.7070922851562,100.70679999999993,2998.4918986577704,999.8636047270405,-0.0013699882260880258,-1.5081013422295655,-0.8434875581157257
depo059_x100mm,59,0,23756.7734375,98.0875397891673,3000.0,1000.0,97.50679999999966,2998.4918986577704,999.8636047270405,-0.5807397891676374,-1.5081013422295655,-0.13639527295947573
