position,blob_index,val,depo_t,depo_x,depo_y,depo_z,blob_t,blob_x,blob_y,blob_z,dt,dx,dy,dz
X100_Y300_Z100,0,372.13885498046875,393.0,2801.6699999999996,3000.0,1000.0,393.0,2801.6699999999996,3002.4917966715934,1003.0582690577668,0.0,0.0,2.49179667159342,3.058269057766779
X100_Y300_Z100,1,21320.60546875,395.8430713871527,2797.1210857805554,3000.0,1000.0,395.0,2798.47,2998.4918993513984,1001.4609370165326,-0.8430713871526905,1.3489142194443957,-1.5081006486016122,1.4609370165326254
X100_Y300_Z100,2,21793.365234375,396.1865090458307,2796.571585526671,3000.0,1000.0,397.0,2795.2699999999995,2998.4918993513984,1001.4609370165326,0.8134909541693105,-1.3015855266712606,-1.5081006486016122,1.4609370165326254
X100_Y300_Z100,3,724.1192626953125,399.0,2792.0699999999997,3000.0,1000.0,399.0,2792.0699999999997,2998.4918993513984,1001.4609370165325,0.0,0.0,-1.5081006486016122,1.4609370165325117
X10_Y300_Z100,0,3086.085693359375,2393.5874732659827,-399.26995722557285,3000.0,1000.0,2393.0,-398.3300000000004,3000.491847731548,999.3844454304021,-0.5874732659826805,0.9399572255724706,0.49184773154820505,-0.6155545695978617
X10_Y300_Z100,1,14527.533203125,2395.253458496846,-401.93553359495445,3000.0,1000.0,2395.0,-401.5300000000002,3000.491847731548,999.3844454304021,-0.2534584968461786,0.40553359495424957,0.49184773154820505,-0.6155545695978617
X10_Y300_Z100,2,13336.6845703125,2396.764950408552,-404.3539206536839,3000.0,1000.0,2397.0,-404.7300000000005,3000.491847731548,999.3844454304021,0.23504959144793247,-0.376079346316601,0.49184773154820505,-0.6155545695978617
X110_Y300_Z100,0,7897.849609375,1769.5560905728444,599.1802550834486,3000.0,1000.0,1769.0,600.0699999999997,2998.4918986577704,999.8636047270405,-0.5560905728443686,0.8897449165510807,-1.5081013422295655,-0.13639527295947573
X110_Y300_Z100,1,19246.98046875,1771.0140035052066,596.8475943916692,3000.0,1000.0,1771.0,596.8699999999994,2998.4918986577704,999.8636047270405,-0.014003505206574118,0.02240560833024574,-1.5081013422295655,-0.13639527295947573
X110_Y300_Z100,2,7362.861328125,1772.458081193852,594.5370700898366,3000.0,1000.0,1773.0,593.6699999999996,2998.4918986577704,999.8636047270405,0.5419188061480327,-0.8670700898369432,-1.5081013422295655,-0.13639527295947573
X120_Y300_Z100,0,0.0,1705.7410199066214,701.2843681494055,3000.0,1000.0,1705.0,702.4699999999998,2996.8919421810033,996.8406387941135,-0.7410199066214318,1.1856318505942909,-3.1080578189967127,-3.159361205886512
X120_Y300_Z100,1,13464.9833984375,1707.4708794883213,698.5165928186857,3000.0,1000.0,1707.0,699.2699999999995,3002.4917968053264,998.905286133764,-0.4708794883213159,0.7534071813138326,2.4917968053264303,-1.0947138662360203
X120_Y300_Z100,2,18448.498046875,1708.8383942952908,696.3285691275346,3000.0,1000.0,1709.0,696.0699999999997,3002.4917968053264,998.905286133764,0.1616057047092454,-0.2585691275348836,2.4917968053264303,-1.0947138662360203
X120_Y300_Z100,3,3384.869140625,1710.3679041007188,693.8813534388496,3000.0,1000.0,1711.0,692.8699999999994,3002.4917968053264,998.905286133764,0.6320958992812393,-1.0113534388501648,2.4917968053264303,-1.0947138662360203
X130_Y300_Z100,0,0.0,1643.7096643027862,800.5345371155418,3000.0,1000.0,1643.0,801.6699999999996,2998.491901107112,995.6906563095006,-0.7096643027862228,1.1354628844578656,-1.5080988928880288,-4.309343690499418
X130_Y300_Z100,1,16282.35546875,1645.3554628422403,797.9012594524152,3000.0,1000.0,1645.0,798.4699999999998,2998.4918986577704,999.8636047270405,-0.3554628422402857,0.568740547584639,-1.5081013422295655,-0.13639527295947573
X130_Y300_Z100,2,15721.1806640625,1646.6684550384398,795.8004719384958,3000.0,1000.0,1647.0,795.2699999999995,2998.4918986577704,999.8636047270405,0.33154496156021196,-0.5304719384962482,-1.5081013422295655,-0.13639527295947573
X130_Y300_Z100,3,304.9532775878906,1648.2981967395372,793.1928852167403,3000.0,1000.0,1649.0,792.0699999999997,2998.491901107112,995.6906563095006,0.7018032604628388,-1.122885216740542,-1.5080988928880288,-4.309343690499418
X130_Y300_Z100,4,126.54015350341797,1648.2981967395372,793.1928852167403,3000.0,1000.0,1649.0,792.0699999999997,3006.4916923745805,1001.8242165932364,0.7018032604628388,-1.122885216740542,6.4916923745804525,1.8242165932364287
X140_Y300_Z100,0,4729.388671875,1581.6675715417741,899.8018855331611,3000.0,1000.0,1581.0,900.8699999999994,3000.491847731548,999.3844454304021,-0.667571541774123,1.068114466838324,0.49184773154820505,-0.6155545695978617
X140_Y300_Z100,1,20099.880859375,1583.2033784104267,897.3445945433168,3000.0,1000.0,1583.0,897.6699999999996,2998.4918986577704,999.8636047270405,-0.20337841042669424,0.32540545668280174,-1.5081013422295655,-0.13639527295947573
X140_Y300_Z100,2,12923.25390625,1584.5212662325566,895.2359740279089,3000.0,1000.0,1585.0,894.4699999999998,3000.491847731548,999.3844454304021,0.4787337674433729,-0.7659740279091238,0.49184773154820505,-0.6155545695978617
X150_Y300_Z100,0,10509.1201171875,1519.609359116223,999.095025414043,3000.0,1000.0,1519.0,1000.0699999999997,3000.491847731548,999.3844454304021,-0.6093591162230041,0.9749745859567156,0.49184773154820505,-0.6155545695978617
X150_Y300_Z100,1,20146.228515625,1521.0163264711987,996.8438776460816,3000.0,1000.0,1521.0,996.8699999999999,3000.491847731548,999.3844454304021,-0.016326471198681247,0.026122353918253793,0.49184773154820505,-0.6155545695978617
X150_Y300_Z100,2,7402.61962890625,1522.4044707833648,994.6228467466162,3000.0,1000.0,1523.0,993.6699999999996,3000.491847731548,999.3844454304021,0.5955292166352137,-0.9528467466166148,0.49184773154820505,-0.6155545695978617
X160_Y300_Z100,0,0.0,1455.7820334582425,1101.2187464668118,3000.0,1000.0,1455.0,1102.4699999999998,1682.5259101718746,994.7523851348055,-0.7820334582424948,1.2512535331879917,-1317.4740898281254,-5.247614865194464
X160_Y300_Z100,1,14592.810546875,1457.5266551653174,1098.4273517354918,3000.0,1000.0,1457.0,1099.2699999999995,2998.4918986577704,999.8636047270405,-0.5266551653173792,0.8426482645077158,-1.5081013422295655,-0.13639527295947573
X160_Y300_Z100,2,19978.34375,1458.8115952523463,1096.3714475962456,3000.0,1000.0,1459.0,1096.0699999999997,2998.4918986577704,999.8636047270405,0.18840474765374893,-0.30144759624590733,-1.5081013422295655,-0.13639527295947573
X160_Y300_Z100,3,3820.94384765625,1460.3163417235287,1093.9638532423537,3000.0,1000.0,1461.0,1092.87,3000.491847731548,999.3844454304021,0.6836582764713057,-1.0938532423538163,0.49184773154820505,-0.6155545695978617
X170_Y300_Z100,0,1424.7386474609375,1393.756160672532,1200.4601429239488,3000.0,1000.0,1393.0,1201.6699999999996,3002.4917951109023,1001.2492262057701,-0.7561606725319052,1.2098570760508665,2.4917951109023306,1.2492262057701282
X170_Y300_Z100,1,18510.638671875,1395.4075180742873,1197.81797108114,3000.0,1000.0,1395.0,1198.4699999999998,3000.491847731548,999.3844454304021,-0.4075180742872817,0.6520289188597417,0.49184773154820505,-0.6155545695978617
X170_Y300_Z100,2,16888.74609375,1396.6185176184442,1195.8803718104891,3000.0,1000.0,1397.0,1195.2699999999995,3000.491847731548,999.3844454304021,0.3814823815557702,-0.6103718104895961,0.49184773154820505,-0.6155545695978617
X170_Y300_Z100,3,720.2686767578125,1398.2508368561926,1193.2686610300916,3000.0,1000.0,1399.0,1192.0699999999997,2998.491900178759,998.9052863820217,0.7491631438074364,-1.1986610300918983,-1.5080998212411032,-1.0947136179783001
X180_Y300_Z100,0,4181.22119140625,1331.7205576279277,1299.7171077953153,3000.0,1000.0,1331.0,1300.87,3002.4917951109023,1001.2492262057701,-0.7205576279277466,1.1528922046845764,2.4917951109023306,1.2492262057701282
X180_Y300_Z100,1,20362.560546875,1333.2391486617437,1297.28736214121,3000.0,1000.0,1333.0,1297.6699999999996,3000.491847731548,999.3844454304021,-0.239148661743684,0.38263785878962153,0.49184773154820505,-0.6155545695978617
X180_Y300_Z100,2,14403.396484375,1334.4606363875341,1295.332981779945,3000.0,1000.0,1335.0,1294.4699999999998,3000.491847731548,999.3844454304021,0.5393636124658769,-0.8629817799451303,0.49184773154820505,-0.6155545695978617
X190_Y300_Z100,0,9817.3154296875,1269.6694919181045,1398.9988129310325,3000.0,1000.0,1269.0,1400.0699999999997,3000.491847731548,999.3844454304021,-0.6694919181045407,1.0711870689672196,0.49184773154820505,-0.6155545695978617
X190_Y300_Z100,1,21918.9375,1271.0195280604376,1396.8387551032997,3000.0,1000.0,1271.0,1396.8699999999997,3000.491847731548,999.3844454304021,-0.019528060437551176,0.031244896699945457,0.49184773154820505,-0.6155545695978617
X190_Y300_Z100,2,8661.4794921875,1272.3435057411332,1394.7203908141867,3000.0,1000.0,1273.0,1393.6699999999996,3000.491847731548,999.3844454304021,0.6564942588668146,-1.0503908141870397,0.49184773154820505,-0.6155545695978617
X200_Y300_Z100,0,15272.81640625,1207.5929223704652,1498.3213242072554,3000.0,1000.0,1207.0,1499.2699999999998,2998.4918986577704,999.8636047270405,-0.5929223704652031,0.948675792744325,-1.5081013422295655,-0.13639527295947573
X200_Y300_Z100,1,20694.162109375,1208.7750490638102,1496.4299214979033,3000.0,1000.0,1209.0,1496.0699999999997,2998.4918986577704,999.8636047270405,0.2249509361897708,-0.35992149790354233,-1.5081013422295655,-0.13639527295947573
X200_Y300_Z100,2,3681.2099609375,1210.2599925115846,1494.0540119814643,3000.0,1000.0,1211.0,1492.8699999999997,3000.491847731548,999.3844454304021,0.7400074884153582,-1.1840119814646641,0.49184773154820505,-0.6155545695978617
X20_Y300_Z100,0,666.088623046875,893.8583992000976,2000.2965612798437,3000.0,1000.0,893.0,2001.6699999999996,3010.4915901921936,994.7523027132456,-0.8583992000975513,1.3734387201559457,10.491590192193598,-5.247697286754374
X20_Y300_Z100,1,861.9383544921875,893.8583992000976,2000.2965612798437,3000.0,1000.0,893.0,2001.6699999999996,2998.491900178759,998.9052863820217,-0.8583992000975513,1.3734387201559457,-1.5080998212411032,-1.0947136179783001
X20_Y300_Z100,2,898.5670776367188,895.5587573451356,1997.5759882477828,3000.0,1000.0,895.0,1998.4699999999998,3014.543573983692,995.6981411030431,-0.558757345135632,0.8940117522170112,14.543573983692113,-4.301858896956901
X20_Y300_Z100,3,18639.900390625,895.5587573451356,1997.5759882477828,3000.0,1000.0,895.0,1998.4699999999998,2998.4918986577704,999.8636047270405,-0.558757345135632,0.8940117522170112,-1.5081013422295655,-0.13639527295947573
X20_Y300_Z100,4,18633.337890625,896.4704516925191,1996.1172772919692,3000.0,1000.0,897.0,1995.2699999999998,2998.4918986577704,999.8636047270405,0.5295483074809226,-0.8472772919694762,-1.5081013422295655,-0.13639527295947573
X210_Y300_Z100,0,1934.6185302734375,1143.8055987643547,1600.381041977032,3000.0,1000.0,1143.0,1601.6699999999996,2996.8919421810033,996.8406387941135,-0.8055987643547269,1.288958022967563,-3.1080578189967127,-3.159361205886512
X210_Y300_Z100,1,19246.109375,1145.4738021787466,1597.7119165140052,3000.0,1000.0,1145.0,1598.4699999999998,3000.491847731548,999.3844454304021,-0.47380217874660957,0.7580834859945753,0.49184773154820505,-0.6155545695978617
X210_Y300_Z100,2,17602.349609375,1146.5541587883772,1595.9833459385961,3000.0,1000.0,1147.0,1595.2699999999998,3000.491847731548,999.3844454304021,0.4458412116227919,-0.7133459385963761,0.49184773154820505,-0.6155545695978617
X210_Y300_Z100,3,1658.5191650390625,1148.2003321740056,1593.3494685215908,3000.0,1000.0,1149.0,1592.0699999999997,2998.491900178759,998.9052863820217,0.7996678259944474,-1.2794685215910704,-1.5080998212411032,-1.0947136179783001
X220_Y300_Z100,0,0.0,1081.7781491297424,1699.624961392412,3000.0,1000.0,1081.0,1700.8699999999997,638.552889446979,1001.824583363883,-0.77814912974236,1.2450386075877304,-2361.447110553021,1.8245833638829936
X220_Y300_Z100,1,5001.8642578125,1081.7781491297424,1699.624961392412,3000.0,1000.0,1081.0,1700.8699999999997,3002.4917968053264,998.905286133764,-0.77814912974236,1.2450386075877304,2.4917968053264303,-1.0947138662360203
X220_Y300_Z100,2,21540.71875,1083.288326017055,1697.2086783727118,3000.0,1000.0,1083.0,1697.6699999999996,3002.4917968053264,998.905286133764,-0.288326017054942,0.4613216272878162,2.4917968053264303,-1.0947138662360203
X220_Y300_Z100,3,13448.1328125,1084.3879491221755,1695.4492814045188,3000.0,1000.0,1085.0,1694.4699999999998,3002.4917968053264,998.905286133764,0.6120508778244584,-0.9792814045190426,2.4917968053264303,-1.0947138662360203
X230_Y300_Z100,0,9464.91015625,1019.7371067505928,1798.890629199051,3000.0,1000.0,1019.0,1800.0699999999997,3000.491847731548,999.3844454304021,-0.7371067505928295,1.1793708009486181,0.49184773154820505,-0.6155545695978617
X230_Y300_Z100,1,22992.703125,1021.0241484866112,1796.8313624214218,3000.0,1000.0,1021.0,1796.8699999999997,2998.4918986577704,999.8636047270405,-0.024148486611238695,0.03863757857789096,-1.5081013422295655,-0.13639527295947573
X230_Y300_Z100,2,8119.91015625,1022.2744689479335,1794.830849683306,3000.0,1000.0,1023.0,1793.6699999999996,2998.4918986577704,999.8636047270405,0.725531052066458,-1.1608496833064237,-1.5081013422295655,-0.13639527295947573
X240_Y300_Z100,0,15319.390625,957.6714734020422,1898.195642556732,3000.0,1000.0,957.0,1899.2699999999998,3000.491847731548,999.3844454304021,-0.6714734020422384,1.0743574432676724,0.49184773154820505,-0.6155545695978617
X240_Y300_Z100,1,22024.396484375,958.7234808219094,1896.5124306849445,3000.0,1000.0,959.0,1896.0699999999997,3000.491847731548,999.3844454304021,0.2765191780905525,-0.4424306849448385,0.49184773154820505,-0.6155545695978617
X240_Y300_Z100,2,3950.085693359375,960.1983657309819,1894.1526148304288,3000.0,1000.0,961.0,1892.8699999999997,3000.491847731548,999.3844454304021,0.8016342690181091,-1.282614830429111,0.49184773154820505,-0.6155545695978617
X250_Y300_Z100,0,666.088623046875,893.8583992000976,2000.2965612798437,3000.0,1000.0,893.0,2001.6699999999996,3010.4915901921936,994.7523027132456,-0.8583992000975513,1.3734387201559457,10.491590192193598,-5.247697286754374
X250_Y300_Z100,1,861.9383544921875,893.8583992000976,2000.2965612798437,3000.0,1000.0,893.0,2001.6699999999996,2998.491900178759,998.9052863820217,-0.8583992000975513,1.3734387201559457,-1.5080998212411032,-1.0947136179783001
X250_Y300_Z100,2,898.5670776367188,895.5587573451356,1997.5759882477828,3000.0,1000.0,895.0,1998.4699999999998,3014.543573983692,995.6981411030431,-0.558757345135632,0.8940117522170112,14.543573983692113,-4.301858896956901
X250_Y300_Z100,3,18639.900390625,895.5587573451356,1997.5759882477828,3000.0,1000.0,895.0,1998.4699999999998,2998.4918986577704,999.8636047270405,-0.558757345135632,0.8940117522170112,-1.5081013422295655,-0.13639527295947573
X250_Y300_Z100,4,18633.337890625,896.4704516925191,1996.1172772919692,3000.0,1000.0,897.0,1995.2699999999998,2998.4918986577704,999.8636047270405,0.5295483074809226,-0.8472772919694762,-1.5081013422295655,-0.13639527295947573
X260_Y300_Z100,0,5094.484375,831.8411671919714,2099.5241324928456,3000.0,1000.0,831.0,2100.87,3000.491847731548,999.3844454304021,-0.8411671919714081,1.345867507154253,0.49184773154820505,-0.6155545695978617
X260_Y300_Z100,1,23053.654296875,833.3575692172719,2097.0978892523644,3000.0,1000.0,833.0,2097.6699999999996,2998.4918986577704,999.8636047270405,-0.35756921727193003,0.572110747635179,-1.5081013422295655,-0.13639527295947573
X260_Y300_Z100,2,14425.6806640625,834.3005762229042,2095.589078043353,3000.0,1000.0,835.0,2094.47,3000.491847731548,999.3844454304021,0.6994237770958307,-1.1190780433530563,0.49184773154820505,-0.6155545695978617
X270_Y300_Z100,0,10661.4287109375,769.8139253388715,2198.7677194578055,3000.0,1000.0,769.0,2200.0699999999997,3000.491847731548,999.3844454304023,-0.8139253388715133,1.3022805421942394,0.49184773154820505,-0.615554569597748
X270_Y300_Z100,1,24188.36328125,771.0310161063696,2196.8203742298083,3000.0,1000.0,771.0,2196.87,2998.4918986577704,999.8636047270405,-0.031016106369634144,0.04962577019159653,-1.5081013422295655,-0.13639527295947573
X270_Y300_Z100,2,9383.96484375,772.1954930445812,2194.9572111286698,3000.0,1000.0,773.0,2193.6699999999996,2998.4918986577704,999.8636047270405,0.8045069554187876,-1.287211128670151,-1.5081013422295655,-0.13639527295947573
X280_Y300_Z100,0,15915.2138671875,707.7660867405338,2298.0442612151455,3000.0,1000.0,707.0,2299.2699999999995,3000.491847731548,999.3844454304021,-0.7660867405337513,1.225738784854002,0.49184773154820505,-0.6155545695978617
X280_Y300_Z100,1,22803.86328125,708.650057481863,2296.629908029019,3000.0,1000.0,709.0,2296.0699999999997,3000.491847731548,999.3844454304021,0.34994251813702704,-0.5599080290194252,0.49184773154820505,-0.6155545695978617
X280_Y300_Z100,2,3833.26904296875,710.1300381666331,2294.261938933387,3000.0,1000.0,711.0,2292.87,2998.491900178759,998.9052863820217,0.869961833366915,-1.3919389333868821,-1.5080998212411032,-1.0947136179783001
X290_Y300_Z100,0,21013.03125,645.6697931391327,2397.3983309773876,3000.0,1000.0,645.0,2398.47,3002.4917968053264,998.905286133764,-0.6697931391327074,1.071669022612241,2.4917968053264303,-1.0947138662360203
X290_Y300_Z100,1,19119.271484375,646.3597404439721,2396.2944152896443,3000.0,1000.0,647.0,2395.2699999999995,3002.4917968053264,998.905286133764,0.6402595560278996,-1.0244152896448213,2.4917968053264303,-1.0947138662360203
X300_Y300_Z100,0,4220.3212890625,581.9115081104098,2499.411587023344,3000.0,1000.0,581.0,2500.87,3002.7163389033094,1001.4710001845608,-0.9115081104098408,1.4584129766558362,2.7163389033094063,1.4710001845608076
X300_Y300_Z100,1,22447.890625,583.4529852500331,2496.945223599947,3000.0,1000.0,583.0,2497.6699999999996,2997.3833657706105,1001.4710015675637,-0.4529852500330662,0.7247764000526331,-2.616634229389547,1.4710015675636896
X300_Y300_Z100,2,13534.0908203125,584.1909938854809,2495.7644097832303,3000.0,1000.0,585.0,2494.47,2997.3833657706105,1001.4710015675637,0.809006114519093,-1.2944097832305488,-2.616634229389547,1.4710015675636896
X30_Y300_Z100,0,9029.986328125,2269.4681091312973,-200.67897461007624,3000.0,1000.0,2269.0,-199.9300000000003,3002.4917968053264,998.905286133764,-0.4681091312972967,0.7489746100759476,2.4917968053264303,-1.0947138662360203
X30_Y300_Z100,1,16839.501953125,2271.010880805167,-203.14740928826723,3000.0,1000.0,2271.0,-203.13000000000056,3002.4917968053264,998.905286133764,-0.010880805166834762,0.01740928826666277,2.4917968053264303,-1.0947138662360203
X30_Y300_Z100,2,9061.2021484375,2272.545774600243,-205.60323936038913,3000.0,1000.0,2273.0,-206.33000000000038,3002.4917968053264,998.905286133764,0.45422539975697873,-0.7267606396112569,2.4917968053264303,-1.0947138662360203
X310_Y300_Z100,0,9335.6591796875,519.9047659930105,2598.622374411183,3000.0,1000.0,519.0,2600.0699999999997,2997.3833657706105,1001.4710015675637,-0.9047659930105283,1.4476255888166634,-2.616634229389547,1.4710015675636896
X310_Y300_Z100,1,24545.193359375,521.0393176824585,2596.807091708066,3000.0,1000.0,521.0,2596.87,2997.3833657706105,1001.4710015675637,-0.03931768245854528,0.06290829193403624,-2.616634229389547,1.4710015675636896
X310_Y300_Z100,2,8548.1103515625,522.1011433596623,2595.10817062454,3000.0,1000.0,523.0,2593.6699999999996,2998.4918993513984,1001.4609370165326,0.8988566403377263,-1.438170624540362,-1.5081006486016122,1.4609370165326254
X320_Y300_Z100,0,15556.8974609375,457.89040255802786,2697.845355907155,3000.0,1000.0,457.0,2699.2699999999995,2998.4918993513984,1001.4609370165326,-0.8904025580278585,1.4246440928445736,-1.5081006486016122,1.4609370165326254
X320_Y300_Z100,1,24590.669921875,458.55988089622247,2696.7741905660437,3000.0,1000.0,459.0,2696.0699999999997,2998.4918993513984,1001.4609370165326,0.4401191037775334,-0.7041905660439625,-1.5081006486016122,1.4609370165326254
X320_Y300_Z100,2,4631.76220703125,460.0519298550558,2694.3869122319106,3000.0,1000.0,461.0,2692.87,2994.183450019061,1001.4710013948827,0.9480701449442108,-1.5169122319107373,-5.816549980938817,1.4710013948827054
X330_Y300_Z100,0,372.13885498046875,393.0,2801.6699999999996,3000.0,1000.0,393.0,2801.6699999999996,3002.4917966715934,1003.0582690577668,0.0,0.0,2.49179667159342,3.058269057766779
X330_Y300_Z100,1,21320.60546875,395.8430713871527,2797.1210857805554,3000.0,1000.0,395.0,2798.47,2998.4918993513984,1001.4609370165326,-0.8430713871526905,1.3489142194443957,-1.5081006486016122,1.4609370165326254
X330_Y300_Z100,2,21793.365234375,396.1865090458307,2796.571585526671,3000.0,1000.0,397.0,2795.2699999999995,2998.4918993513984,1001.4609370165326,0.8134909541693105,-1.3015855266712606,-1.5081006486016122,1.4609370165326254
X330_Y300_Z100,3,724.1192626953125,399.0,2792.0699999999997,3000.0,1000.0,399.0,2792.0699999999997,2998.4918993513984,1001.4609370165325,0.0,0.0,-1.5081006486016122,1.4609370165325117
X340_Y300_Z100,0,4287.7470703125,331.0,2900.87,3000.0,1000.0,331.0,2900.87,2998.4918974255406,1001.4860964551447,0.0,0.0,-1.5081025744593717,1.4860964551446614
X340_Y300_Z100,1,26729.673828125,333.54062282542077,2896.8050034793264,3000.0,1000.0,333.0,2897.6699999999996,3002.8003471430493,1001.471000189072,-0.540622825420769,0.8649965206732304,2.8003471430492937,1.471000189072015
X340_Y300_Z100,2,16812.232421875,334.02139376893797,2896.035769969699,3000.0,1000.0,335.0,2894.47,3002.8003471430493,1001.471000189072,0.9786062310620309,-1.5657699696989766,2.8003471430492937,1.471000189072015
X40_Y300_Z100,0,10661.4287109375,769.8139253388715,2198.7677194578055,3000.0,1000.0,769.0,2200.0699999999997,3000.491847731548,999.3844454304023,-0.8139253388715133,1.3022805421942394,0.49184773154820505,-0.615554569597748
X40_Y300_Z100,1,24188.36328125,771.0310161063696,2196.8203742298083,3000.0,1000.0,771.0,2196.87,2998.4918986577704,999.8636047270405,-0.031016106369634144,0.04962577019159653,-1.5081013422295655,-0.13639527295947573
X40_Y300_Z100,2,9383.96484375,772.1954930445812,2194.9572111286698,3000.0,1000.0,773.0,2193.6699999999996,2998.4918986577704,999.8636047270405,0.8045069554187876,-1.287211128670151,-1.5081013422295655,-0.13639527295947573
X50_Y300_Z100,0,2488.36669921875,2143.62526217904,0.6695805135354931,3000.0,1000.0,2143.0,1.669999999999618,3000.491847731548,999.3844454304021,-0.6252621790399644,1.000419486464125,0.49184773154820505,-0.6155545695978617
X50_Y300_Z100,1,15019.517578125,2145.2807582829214,-1.9792132526745263,3000.0,1000.0,2145.0,-1.5300000000002,3000.491847731548,999.3844454304021,-0.28075828292139704,0.4492132526743262,0.49184773154820505,-0.6155545695978617
X50_Y300_Z100,2,14212.6171875,2146.739281728656,-4.3128507658498165,3000.0,1000.0,2147.0,-4.730000000000473,3000.491847731548,999.3844454304021,0.2607182713441034,-0.4171492341506564,0.49184773154820505,-0.6155545695978617
X50_Y300_Z100,3,822.6370849609375,2148.383726355375,-6.943962168600592,3000.0,1000.0,2149.0,-7.930000000000291,3000.491847731548,999.3844454304021,0.6162736446249255,-0.9860378313996989,0.49184773154820505,-0.6155545695978617
X60_Y300_Z100,0,4220.3212890625,581.9115081104098,2499.411587023344,3000.0,1000.0,581.0,2500.87,3002.7163389033094,1001.4710001845608,-0.9115081104098408,1.4584129766558362,2.7163389033094063,1.4710001845608076
X60_Y300_Z100,1,22447.890625,583.4529852500331,2496.945223599947,3000.0,1000.0,583.0,2497.6699999999996,2997.3833657706105,1001.4710015675637,-0.4529852500330662,0.7247764000526331,-2.616634229389547,1.4710015675636896
X60_Y300_Z100,2,13534.0908203125,584.1909938854809,2495.7644097832303,3000.0,1000.0,585.0,2494.47,2997.3833657706105,1001.4710015675637,0.809006114519093,-1.2944097832305488,-2.616634229389547,1.4710015675636896
X70_Y300_Z100,0,7634.60009765625,2019.5092061267521,199.2552701971963,3000.0,1000.0,2019.0,200.0699999999997,3000.491847731548,999.3844454304021,-0.5092061267521331,0.8147298028034129,0.49184773154820505,-0.6155545695978617
X70_Y300_Z100,1,18634.01171875,2021.01224927973,196.85040115243146,3000.0,1000.0,2021.0,196.86999999999944,3000.491847731548,999.3844454304021,-0.012249279729985574,0.019598847567976918,0.49184773154820505,-0.6155545695978617
X70_Y300_Z100,2,7664.69384765625,2022.504942979419,194.4620912329292,3000.0,1000.0,2023.0,193.66999999999962,3000.491847731548,999.3844454304021,0.4950570205810436,-0.7920912329295788,0.49184773154820505,-0.6155545695978617
X70_Y300_Z100,3,0.0,2024.2756436582595,191.62897014678447,3000.0,1000.0,2025.0,190.4699999999998,3003.1060802059947,998.0941410085841,0.7243563417405312,-1.158970146784668,3.106080205994658,-1.9058589914159256
X80_Y300_Z100,0,9335.6591796875,519.9047659930105,2598.622374411183,3000.0,1000.0,519.0,2600.0699999999997,2997.3833657706105,1001.4710015675637,-0.9047659930105283,1.4476255888166634,-2.616634229389547,1.4710015675636896
X80_Y300_Z100,1,24545.193359375,521.0393176824585,2596.807091708066,3000.0,1000.0,521.0,2596.87,2997.3833657706105,1001.4710015675637,-0.03931768245854528,0.06290829193403624,-2.616634229389547,1.4710015675636896
X80_Y300_Z100,2,8548.1103515625,522.1011433596623,2595.10817062454,3000.0,1000.0,523.0,2593.6699999999996,2998.4918993513984,1001.4609370165326,0.8988566403377263,-1.438170624540362,-1.5081006486016122,1.4609370165326254
X90_Y300_Z100,0,1222.280517578125,1893.6660123445006,400.60438024879886,3000.0,1000.0,1893.0,401.6699999999996,3002.4917951109023,1001.2492262057701,-0.6660123445005866,1.0656197512007566,2.4917951109023306,1.2492262057701282
X90_Y300_Z100,1,16404.830078125,1895.314104566544,397.9674326935292,3000.0,1000.0,1895.0,398.4699999999998,3000.491847731548,999.3844454304021,-0.31410456654407426,0.5025673064706098,0.49184773154820505,-0.6155545695978617
X90_Y300_Z100,2,15238.6904296875,1896.7077792955042,395.73755312719277,3000.0,1000.0,1897.0,395.2699999999995,3000.491847731548,999.3844454304021,0.29222070449577586,-0.4675531271932414,0.49184773154820505,-0.6155545695978617
X90_Y300_Z100,3,470.4222106933594,1898.342510554344,393.1219831130493,3000.0,1000.0,1899.0,392.0699999999997,3002.4917959779655,1001.4609367682748,0.6574894456559832,-1.0519831130495731,2.4917959779654666,1.4609367682747916
X90_Y300_Z100,4,0.0,1898.342510554344,393.1219831130493,3000.0,1000.0,1899.0,392.0699999999997,1702.5253923436173,1001.4610174520307,0.6574894456559832,-1.0519831130495731,-1297.4746076563827,1.46101745203066
