region,n,x_min,x_max,x_mean,x_std,y_mean,y_std,z_mean,z_std,dx_mean,dx_std
y104p957_z115p237,34,100.0,3400.0,1750.0,981.07086,1049.5719,0.00012207031,1152.3649,0.00012207031,100.0,0.0
y104p957_z130p615,34,100.0,3400.0,1750.0,981.07086,1049.5719,0.00012207031,1306.1471,0.00012207031,100.0,0.0
y104p957_z145p993,34,100.0,3400.0,1750.0,981.07086,1049.5719,0.00012207031,1459.929,0.0,100.0,0.0
y104p957_z161p371,34,100.0,3400.0,1750.0,981.07086,1049.5719,0.00012207031,1613.711,0.0,100.0,0.0
y104p957_z176p749,34,100.0,3400.0,1750.0,981.07086,1049.5719,0.00012207031,1767.493,0.0,100.0,0.0
y104p957_z192p127,34,100.0,3400.0,1750.0,981.07086,1049.5719,0.00012207031,1921.2749,0.00012207031,100.0,0.0
y104p957_z207p506,34,100.0,3400.0,1750.0,981.07086,1049.5719,0.00012207031,2075.0566,0.00024414062,100.0,0.0
y104p957_z222p884,34,100.0,3400.0,1750.0,981.07086,1049.5719,0.00012207031,2228.8389,0.00024414062,100.0,0.0
y104p957_z22p967,34,100.0,3400.0,1750.0,981.07086,1049.5719,0.00012207031,229.67299,1.5258789e-05,100.0,0.0
y104p957_z38p346,34,100.0,3400.0,1750.0,981.07086,1049.5719,0.00012207031,383.455,0.0,100.0,0.0
y104p957_z53p724,34,100.0,3400.0,1750.0,981.07086,1049.5719,0.00012207031,537.23694,6.1035156e-05,100.0,0.0
y104p957_z69p102,34,100.0,3400.0,1750.0,981.07086,1049.5719,0.00012207031,691.01904,6.1035156e-05,100.0,0.0
y104p957_z7p589,34,100.0,3400.0,1750.0,981.07086,1049.5719,0.00012207031,75.89101,7.6293945e-06,100.0,0.0
y104p957_z84p480,34,100.0,3400.0,1750.0,981.07086,1049.5719,0.00012207031,844.801,0.0,100.0,0.0
y104p957_z99p858,34,100.0,3400.0,1750.0,981.07086,1049.5719,0.00012207031,998.58295,6.1035156e-05,100.0,0.0
y119p934_z115p237,34,100.0,3400.0,1750.0,981.07086,1199.3369,0.00012207031,1152.3649,0.00012207031,100.0,0.0
y119p934_z130p615,34,100.0,3400.0,1750.0,981.07086,1199.3369,0.00012207031,1306.1471,0.00012207031,100.0,0.0
y119p934_z145p993,34,100.0,3400.0,1750.0,981.07086,1199.3369,0.00012207031,1459.929,0.0,100.0,0.0
y119p934_z161p371,34,100.0,3400.0,1750.0,981.07086,1199.3369,0.00012207031,1613.711,0.0,100.0,0.0
y119p934_z176p749,34,100.0,3400.0,1750.0,981.07086,1199.3369,0.00012207031,1767.493,0.0,100.0,0.0
y119p934_z192p127,34,100.0,3400.0,1750.0,981.07086,1199.3369,0.00012207031,1921.2749,0.00012207031,100.0,0.0
y119p934_z207p506,34,100.0,3400.0,1750.0,981.07086,1199.3369,0.00012207031,2075.0566,0.00024414062,100.0,0.0
y119p934_z222p884,34,100.0,3400.0,1750.0,981.07086,1199.3369,0.00012207031,2228.8389,0.00024414062,100.0,0.0
y119p934_z22p967,34,100.0,3400.0,1750.0,981.07086,1199.3369,0.00012207031,229.67299,1.5258789e-05,100.0,0.0
y119p934_z38p346,34,100.0,3400.0,1750.0,981.07086,1199.3369,0.00012207031,383.455,0.0,100.0,0.0
y119p934_z53p724,34,100.0,3400.0,1750.0,981.07086,1199.3369,0.00012207031,537.23694,6.1035156e-05,100.0,0.0
y119p934_z69p102,34,100.0,3400.0,1750.0,981.07086,1199.3369,0.00012207031,691.01904,6.1035156e-05,100.0,0.0
y119p934_z7p589,34,100.0,3400.0,1750.0,981.07086,1199.3369,0.00012207031,75.89101,7.6293945e-06,100.0,0.0
y119p934_z84p480,34,100.0,3400.0,1750.0,981.07086,1199.3369,0.00012207031,844.801,0.0,100.0,0.0
y119p934_z99p858,34,100.0,3400.0,1750.0,981.07086,1199.3369,0.00012207031,998.58295,6.1035156e-05,100.0,0.0
y134p910_z115p237,34,100.0,3400.0,1750.0,981.07086,1349.102,0.0,1152.3649,0.00012207031,100.0,0.0
y134p910_z130p615,34,100.0,3400.0,1750.0,981.07086,1349.102,0.0,1306.1471,0.00012207031,100.0,0.0
y134p910_z145p993,34,100.0,3400.0,1750.0,981.07086,1349.102,0.0,1459.929,0.0,100.0,0.0
y134p910_z161p371,34,100.0,3400.0,1750.0,981.07086,1349.102,0.0,1613.711,0.0,100.0,0.0
y134p910_z176p749,34,100.0,3400.0,1750.0,981.07086,1349.102,0.0,1767.493,0.0,100.0,0.0
y134p910_z192p127,34,100.0,3400.0,1750.0,981.07086,1349.102,0.0,1921.2749,0.00012207031,100.0,0.0
y134p910_z207p506,34,100.0,3400.0,1750.0,981.07086,1349.102,0.0,2075.0566,0.00024414062,100.0,0.0
y134p910_z222p884,34,100.0,3400.0,1750.0,981.07086,1349.102,0.0,2228.8389,0.00024414062,100.0,0.0
y134p910_z22p967,34,100.0,3400.0,1750.0,981.07086,1349.102,0.0,229.67299,1.5258789e-05,100.0,0.0
y134p910_z38p346,34,100.0,3400.0,1750.0,981.07086,1349.102,0.0,383.455,0.0,100.0,0.0
y134p910_z53p724,34,100.0,3400.0,1750.0,981.07086,1349.102,0.0,537.23694,6.1035156e-05,100.0,0.0
y134p910_z69p102,34,100.0,3400.0,1750.0,981.07086,1349.102,0.0,691.01904,6.1035156e-05,100.0,0.0
y134p910_z7p589,34,100.0,3400.0,1750.0,981.07086,1349.102,0.0,75.89101,7.6293945e-06,100.0,0.0
y134p910_z84p480,34,100.0,3400.0,1750.0,981.07086,1349.102,0.0,844.801,0.0,100.0,0.0
y134p910_z99p858,34,100.0,3400.0,1750.0,981.07086,1349.102,0.0,998.58295,6.1035156e-05,100.0,0.0
y149p887_z115p237,34,100.0,3400.0,1750.0,981.07086,1498.867,0.0,1152.3649,0.00012207031,100.0,0.0
y149p887_z130p615,34,100.0,3400.0,1750.0,981.07086,1498.867,0.0,1306.1471,0.00012207031,100.0,0.0
y149p887_z145p993,34,100.0,3400.0,1750.0,981.07086,1498.867,0.0,1459.929,0.0,100.0,0.0
y149p887_z161p371,34,100.0,3400.0,1750.0,981.07086,1498.867,0.0,1613.711,0.0,100.0,0.0
y149p887_z176p749,34,100.0,3400.0,1750.0,981.07086,1498.867,0.0,1767.493,0.0,100.0,0.0
y149p887_z192p127,34,100.0,3400.0,1750.0,981.07086,1498.867,0.0,1921.2749,0.00012207031,100.0,0.0
y149p887_z207p506,34,100.0,3400.0,1750.0,981.07086,1498.867,0.0,2075.0566,0.00024414062,100.0,0.0
y149p887_z222p884,34,100.0,3400.0,1750.0,981.07086,1498.867,0.0,2228.8389,0.00024414062,100.0,0.0
y149p887_z22p967,34,100.0,3400.0,1750.0,981.07086,1498.867,0.0,229.67299,1.5258789e-05,100.0,0.0
y149p887_z38p346,34,100.0,3400.0,1750.0,981.07086,1498.867,0.0,383.455,0.0,100.0,0.0
y149p887_z53p724,34,100.0,3400.0,1750.0,981.07086,1498.867,0.0,537.23694,6.1035156e-05,100.0,0.0
y149p887_z69p102,34,100.0,3400.0,1750.0,981.07086,1498.867,0.0,691.01904,6.1035156e-05,100.0,0.0
y149p887_z7p589,34,100.0,3400.0,1750.0,981.07086,1498.867,0.0,75.89101,7.6293945e-06,100.0,0.0
y149p887_z84p480,34,100.0,3400.0,1750.0,981.07086,1498.867,0.0,844.801,0.0,100.0,0.0
y149p887_z99p858,34,100.0,3400.0,1750.0,981.07086,1498.867,0.0,998.58295,6.1035156e-05,100.0,0.0
y15p098_z115p237,34,100.0,3400.0,1750.0,981.07086,150.982,0.0,1152.3649,0.00012207031,100.0,0.0
y15p098_z130p615,34,100.0,3400.0,1750.0,981.07086,150.982,0.0,1306.1471,0.00012207031,100.0,0.0
y15p098_z145p993,34,100.0,3400.0,1750.0,981.07086,150.982,0.0,1459.929,0.0,100.0,0.0
y15p098_z161p371,34,100.0,3400.0,1750.0,981.07086,150.982,0.0,1613.711,0.0,100.0,0.0
y15p098_z176p749,34,100.0,3400.0,1750.0,981.07086,150.982,0.0,1767.493,0.0,100.0,0.0
y15p098_z192p127,34,100.0,3400.0,1750.0,981.07086,150.982,0.0,1921.2749,0.00012207031,100.0,0.0
y15p098_z207p506,34,100.0,3400.0,1750.0,981.07086,150.982,0.0,2075.0566,0.00024414062,100.0,0.0
y15p098_z222p884,34,100.0,3400.0,1750.0,981.07086,150.982,0.0,2228.8389,0.00024414062,100.0,0.0
y15p098_z22p967,34,100.0,3400.0,1750.0,981.07086,150.982,0.0,229.67299,1.5258789e-05,100.0,0.0
y15p098_z38p346,34,100.0,3400.0,1750.0,981.07086,150.982,0.0,383.455,0.0,100.0,0.0
y15p098_z53p724,34,100.0,3400.0,1750.0,981.07086,150.982,0.0,537.23694,6.1035156e-05,100.0,0.0
y15p098_z69p102,34,100.0,3400.0,1750.0,981.07086,150.982,0.0,691.01904,6.1035156e-05,100.0,0.0
y15p098_z7p589,34,100.0,3400.0,1750.0,981.07086,150.982,0.0,75.89101,7.6293945e-06,100.0,0.0
y15p098_z84p480,34,100.0,3400.0,1750.0,981.07086,150.982,0.0,844.801,0.0,100.0,0.0
y15p098_z99p858,34,100.0,3400.0,1750.0,981.07086,150.982,0.0,998.58295,6.1035156e-05,100.0,0.0
y164p863_z115p237,34,100.0,3400.0,1750.0,981.07086,1648.632,0.0,1152.3649,0.00012207031,100.0,0.0
y164p863_z130p615,34,100.0,3400.0,1750.0,981.07086,1648.632,0.0,1306.1471,0.00012207031,100.0,0.0
y164p863_z145p993,34,100.0,3400.0,1750.0,981.07086,1648.632,0.0,1459.929,0.0,100.0,0.0
y164p863_z161p371,34,100.0,3400.0,1750.0,981.07086,1648.632,0.0,1613.711,0.0,100.0,0.0
y164p863_z176p749,34,100.0,3400.0,1750.0,981.07086,1648.632,0.0,1767.493,0.0,100.0,0.0
y164p863_z192p127,34,100.0,3400.0,1750.0,981.07086,1648.632,0.0,1921.2749,0.00012207031,100.0,0.0
y164p863_z207p506,34,100.0,3400.0,1750.0,981.07086,1648.632,0.0,2075.0566,0.00024414062,100.0,0.0
y164p863_z222p884,34,100.0,3400.0,1750.0,981.07086,1648.632,0.0,2228.8389,0.00024414062,100.0,0.0
y164p863_z22p967,34,100.0,3400.0,1750.0,981.07086,1648.632,0.0,229.67299,1.5258789e-05,100.0,0.0
y164p863_z38p346,34,100.0,3400.0,1750.0,981.07086,1648.632,0.0,383.455,0.0,100.0,0.0
y164p863_z53p724,34,100.0,3400.0,1750.0,981.07086,1648.632,0.0,537.23694,6.1035156e-05,100.0,0.0
y164p863_z69p102,34,100.0,3400.0,1750.0,981.07086,1648.632,0.0,691.01904,6.1035156e-05,100.0,0.0
y164p863_z7p589,34,100.0,3400.0,1750.0,981.07086,1648.632,0.0,75.89101,7.6293945e-06,100.0,0.0
y164p863_z84p480,34,100.0,3400.0,1750.0,981.07086,1648.632,0.0,844.801,0.0,100.0,0.0
y164p863_z99p858,34,100.0,3400.0,1750.0,981.07086,1648.632,0.0,998.58295,6.1035156e-05,100.0,0.0
y179p840_z115p237,34,100.0,3400.0,1750.0,981.07086,1798.3971,0.00012207031,1152.3649,0.00012207031,100.0,0.0
y179p840_z130p615,34,100.0,3400.0,1750.0,981.07086,1798.3971,0.00012207031,1306.1471,0.00012207031,100.0,0.0
y179p840_z145p993,34,100.0,3400.0,1750.0,981.07086,1798.3971,0.00012207031,1459.929,0.0,100.0,0.0
y179p840_z161p371,34,100.0,3400.0,1750.0,981.07086,1798.3971,0.00012207031,1613.711,0.0,100.0,0.0
y179p840_z176p749,34,100.0,3400.0,1750.0,981.07086,1798.3971,0.00012207031,1767.493,0.0,100.0,0.0
y179p840_z192p127,34,100.0,3400.0,1750.0,981.07086,1798.3971,0.00012207031,1921.2749,0.00012207031,100.0,0.0
y179p840_z207p506,34,100.0,3400.0,1750.0,981.07086,1798.3971,0.00012207031,2075.0566,0.00024414062,100.0,0.0
y179p840_z222p884,34,100.0,3400.0,1750.0,981.07086,1798.3971,0.00012207031,2228.8389,0.00024414062,100.0,0.0
y179p840_z22p967,34,100.0,3400.0,1750.0,981.07086,1798.3971,0.00012207031,229.67299,1.5258789e-05,100.0,0.0
y179p840_z38p346,34,100.0,3400.0,1750.0,981.07086,1798.3971,0.00012207031,383.455,0.0,100.0,0.0
y179p840_z53p724,34,100.0,3400.0,1750.0,981.07086,1798.3971,0.00012207031,537.23694,6.1035156e-05,100.0,0.0
y179p840_z69p102,34,100.0,3400.0,1750.0,981.07086,1798.3971,0.00012207031,691.01904,6.1035156e-05,100.0,0.0
y179p840_z7p589,34,100.0,3400.0,1750.0,981.07086,1798.3971,0.00012207031,75.89101,7.6293945e-06,100.0,0.0
y179p840_z84p480,34,100.0,3400.0,1750.0,981.07086,1798.3971,0.00012207031,844.801,0.0,100.0,0.0
y179p840_z99p858,34,100.0,3400.0,1750.0,981.07086,1798.3971,0.00012207031,998.58295,6.1035156e-05,100.0,0.0
y194p816_z115p237,34,100.0,3400.0,1750.0,981.07086,1948.162,0.0,1152.3649,0.00012207031,100.0,0.0
y194p816_z130p615,34,100.0,3400.0,1750.0,981.07086,1948.162,0.0,1306.1471,0.00012207031,100.0,0.0
y194p816_z145p993,34,100.0,3400.0,1750.0,981.07086,1948.162,0.0,1459.929,0.0,100.0,0.0
y194p816_z161p371,34,100.0,3400.0,1750.0,981.07086,1948.162,0.0,1613.711,0.0,100.0,0.0
y194p816_z176p749,34,100.0,3400.0,1750.0,981.07086,1948.162,0.0,1767.493,0.0,100.0,0.0
y194p816_z192p127,34,100.0,3400.0,1750.0,981.07086,1948.162,0.0,1921.2749,0.00012207031,100.0,0.0
y194p816_z207p506,34,100.0,3400.0,1750.0,981.07086,1948.162,0.0,2075.0566,0.00024414062,100.0,0.0
y194p816_z222p884,34,100.0,3400.0,1750.0,981.07086,1948.162,0.0,2228.8389,0.00024414062,100.0,0.0
y194p816_z22p967,34,100.0,3400.0,1750.0,981.07086,1948.162,0.0,229.67299,1.5258789e-05,100.0,0.0
y194p816_z38p346,34,100.0,3400.0,1750.0,981.07086,1948.162,0.0,383.455,0.0,100.0,0.0
y194p816_z53p724,34,100.0,3400.0,1750.0,981.07086,1948.162,0.0,537.23694,6.1035156e-05,100.0,0.0
y194p816_z69p102,34,100.0,3400.0,1750.0,981.07086,1948.162,0.0,691.01904,6.1035156e-05,100.0,0.0
y194p816_z7p589,34,100.0,3400.0,1750.0,981.07086,1948.162,0.0,75.89101,7.6293945e-06,100.0,0.0
y194p816_z84p480,34,100.0,3400.0,1750.0,981.07086,1948.162,0.0,844.801,0.0,100.0,0.0
y194p816_z99p858,34,100.0,3400.0,1750.0,981.07086,1948.162,0.0,998.58295,6.1035156e-05,100.0,0.0
y209p793_z115p237,34,100.0,3400.0,1750.0,981.07086,2097.9272,0.00024414062,1152.3649,0.00012207031,100.0,0.0
y209p793_z130p615,34,100.0,3400.0,1750.0,981.07086,2097.9272,0.00024414062,1306.1471,0.00012207031,100.0,0.0
y209p793_z145p993,34,100.0,3400.0,1750.0,981.07086,2097.9272,0.00024414062,1459.929,0.0,100.0,0.0
y209p793_z161p371,34,100.0,3400.0,1750.0,981.07086,2097.9272,0.00024414062,1613.711,0.0,100.0,0.0
y209p793_z176p749,34,100.0,3400.0,1750.0,981.07086,2097.9272,0.00024414062,1767.493,0.0,100.0,0.0
y209p793_z192p127,34,100.0,3400.0,1750.0,981.07086,2097.9272,0.00024414062,1921.2749,0.00012207031,100.0,0.0
y209p793_z207p506,34,100.0,3400.0,1750.0,981.07086,2097.9272,0.00024414062,2075.0566,0.00024414062,100.0,0.0
y209p793_z222p884,34,100.0,3400.0,1750.0,981.07086,2097.9272,0.00024414062,2228.8389,0.00024414062,100.0,0.0
y209p793_z22p967,34,100.0,3400.0,1750.0,981.07086,2097.9272,0.00024414062,229.67299,1.5258789e-05,100.0,0.0
y209p793_z38p346,34,100.0,3400.0,1750.0,981.07086,2097.9272,0.00024414062,383.455,0.0,100.0,0.0
y209p793_z53p724,34,100.0,3400.0,1750.0,981.07086,2097.9272,0.00024414062,537.23694,6.1035156e-05,100.0,0.0
y209p793_z69p102,34,100.0,3400.0,1750.0,981.07086,2097.9272,0.00024414062,691.01904,6.1035156e-05,100.0,0.0
y209p793_z7p589,34,100.0,3400.0,1750.0,981.07086,2097.9272,0.00024414062,75.89101,7.6293945e-06,100.0,0.0
y209p793_z84p480,34,100.0,3400.0,1750.0,981.07086,2097.9272,0.00024414062,844.801,0.0,100.0,0.0
y209p793_z99p858,34,100.0,3400.0,1750.0,981.07086,2097.9272,0.00024414062,998.58295,6.1035156e-05,100.0,0.0
y224p769_z115p237,34,100.0,3400.0,1750.0,981.07086,2247.6921,0.00024414062,1152.3649,0.00012207031,100.0,0.0
y224p769_z130p615,34,100.0,3400.0,1750.0,981.07086,2247.6921,0.00024414062,1306.1471,0.00012207031,100.0,0.0
y224p769_z145p993,34,100.0,3400.0,1750.0,981.07086,2247.6921,0.00024414062,1459.929,0.0,100.0,0.0
y224p769_z161p371,34,100.0,3400.0,1750.0,981.07086,2247.6921,0.00024414062,1613.711,0.0,100.0,0.0
y224p769_z176p749,34,100.0,3400.0,1750.0,981.07086,2247.6921,0.00024414062,1767.493,0.0,100.0,0.0
y224p769_z192p127,34,100.0,3400.0,1750.0,981.07086,2247.6921,0.00024414062,1921.2749,0.00012207031,100.0,0.0
y224p769_z207p506,34,100.0,3400.0,1750.0,981.07086,2247.6921,0.00024414062,2075.0566,0.00024414062,100.0,0.0
y224p769_z222p884,34,100.0,3400.0,1750.0,981.07086,2247.6921,0.00024414062,2228.8389,0.00024414062,100.0,0.0
y224p769_z22p967,34,100.0,3400.0,1750.0,981.07086,2247.6921,0.00024414062,229.67299,1.5258789e-05,100.0,0.0
y224p769_z38p346,34,100.0,3400.0,1750.0,981.07086,2247.6921,0.00024414062,383.455,0.0,100.0,0.0
y224p769_z53p724,34,100.0,3400.0,1750.0,981.07086,2247.6921,0.00024414062,537.23694,6.1035156e-05,100.0,0.0
y224p769_z69p102,34,100.0,3400.0,1750.0,981.07086,2247.6921,0.00024414062,691.01904,6.1035156e-05,100.0,0.0
y224p769_z7p589,34,100.0,3400.0,1750.0,981.07086,2247.6921,0.00024414062,75.89101,7.6293945e-06,100.0,0.0
y224p769_z84p480,34,100.0,3400.0,1750.0,981.07086,2247.6921,0.00024414062,844.801,0.0,100.0,0.0
y224p769_z99p858,34,100.0,3400.0,1750.0,981.07086,2247.6921,0.00024414062,998.58295,6.1035156e-05,100.0,0.0
y239p746_z115p237,34,100.0,3400.0,1750.0,981.07086,2397.4568,0.00024414062,1152.3649,0.00012207031,100.0,0.0
y239p746_z130p615,34,100.0,3400.0,1750.0,981.07086,2397.4568,0.00024414062,1306.1471,0.00012207031,100.0,0.0
y239p746_z145p993,34,100.0,3400.0,1750.0,981.07086,2397.4568,0.00024414062,1459.929,0.0,100.0,0.0
y239p746_z161p371,34,100.0,3400.0,1750.0,981.07086,2397.4568,0.00024414062,1613.711,0.0,100.0,0.0
y239p746_z176p749,34,100.0,3400.0,1750.0,981.07086,2397.4568,0.00024414062,1767.493,0.0,100.0,0.0
y239p746_z192p127,34,100.0,3400.0,1750.0,981.07086,2397.4568,0.00024414062,1921.2749,0.00012207031,100.0,0.0
y239p746_z207p506,34,100.0,3400.0,1750.0,981.07086,2397.4568,0.00024414062,2075.0566,0.00024414062,100.0,0.0
y239p746_z222p884,34,100.0,3400.0,1750.0,981.07086,2397.4568,0.00024414062,2228.8389,0.00024414062,100.0,0.0
y239p746_z22p967,34,100.0,3400.0,1750.0,981.07086,2397.4568,0.00024414062,229.67299,1.5258789e-05,100.0,0.0
y239p746_z38p346,34,100.0,3400.0,1750.0,981.07086,2397.4568,0.00024414062,383.455,0.0,100.0,0.0
y239p746_z53p724,34,100.0,3400.0,1750.0,981.07086,2397.4568,0.00024414062,537.23694,6.1035156e-05,100.0,0.0
y239p746_z69p102,34,100.0,3400.0,1750.0,981.07086,2397.4568,0.00024414062,691.01904,6.1035156e-05,100.0,0.0
y239p746_z7p589,34,100.0,3400.0,1750.0,981.07086,2397.4568,0.00024414062,75.89101,7.6293945e-06,100.0,0.0
y239p746_z84p480,34,100.0,3400.0,1750.0,981.07086,2397.4568,0.00024414062,844.801,0.0,100.0,0.0
y239p746_z99p858,34,100.0,3400.0,1750.0,981.07086,2397.4568,0.00024414062,998.58295,6.1035156e-05,100.0,0.0
y254p722_z115p237,34,100.0,3400.0,1750.0,981.07086,2547.2217,0.00024414062,1152.3649,0.00012207031,100.0,0.0
y254p722_z130p615,34,100.0,3400.0,1750.0,981.07086,2547.2217,0.00024414062,1306.1471,0.00012207031,100.0,0.0
y254p722_z145p993,34,100.0,3400.0,1750.0,981.07086,2547.2217,0.00024414062,1459.929,0.0,100.0,0.0
y254p722_z161p371,34,100.0,3400.0,1750.0,981.07086,2547.2217,0.00024414062,1613.711,0.0,100.0,0.0
y254p722_z176p749,34,100.0,3400.0,1750.0,981.07086,2547.2217,0.00024414062,1767.493,0.0,100.0,0.0
y254p722_z192p127,34,100.0,3400.0,1750.0,981.07086,2547.2217,0.00024414062,1921.2749,0.00012207031,100.0,0.0
y254p722_z207p506,34,100.0,3400.0,1750.0,981.07086,2547.2217,0.00024414062,2075.0566,0.00024414062,100.0,0.0
y254p722_z222p884,34,100.0,3400.0,1750.0,981.07086,2547.2217,0.00024414062,2228.8389,0.00024414062,100.0,0.0
y254p722_z22p967,34,100.0,3400.0,1750.0,981.07086,2547.2217,0.00024414062,229.67299,1.5258789e-05,100.0,0.0
y254p722_z38p346,34,100.0,3400.0,1750.0,981.07086,2547.2217,0.00024414062,383.455,0.0,100.0,0.0
y254p722_z53p724,34,100.0,3400.0,1750.0,981.07086,2547.2217,0.00024414062,537.23694,6.1035156e-05,100.0,0.0
y254p722_z69p102,34,100.0,3400.0,1750.0,981.07086,2547.2217,0.00024414062,691.01904,6.1035156e-05,100.0,0.0
y254p722_z7p589,34,100.0,3400.0,1750.0,981.07086,2547.2217,0.00024414062,75.89101,7.6293945e-06,100.0,0.0
y254p722_z84p480,34,100.0,3400.0,1750.0,981.07086,2547.2217,0.00024414062,844.801,0.0,100.0,0.0
y254p722_z99p858,34,100.0,3400.0,1750.0,981.07086,2547.2217,0.00024414062,998.58295,6.1035156e-05,100.0,0.0
y269p699_z115p237,34,100.0,3400.0,1750.0,981.07086,2696.9868,0.00024414062,1152.3649,0.00012207031,100.0,0.0
y269p699_z130p615,34,100.0,3400.0,1750.0,981.07086,2696.9868,0.00024414062,1306.1471,0.00012207031,100.0,0.0
y269p699_z145p993,34,100.0,3400.0,1750.0,981.07086,2696.9868,0.00024414062,1459.929,0.0,100.0,0.0
y269p699_z161p371,34,100.0,3400.0,1750.0,981.07086,2696.9868,0.00024414062,1613.711,0.0,100.0,0.0
y269p699_z176p749,34,100.0,3400.0,1750.0,981.07086,2696.9868,0.00024414062,1767.493,0.0,100.0,0.0
y269p699_z192p127,34,100.0,3400.0,1750.0,981.07086,2696.9868,0.00024414062,1921.2749,0.00012207031,100.0,0.0
y269p699_z207p506,34,100.0,3400.0,1750.0,981.07086,2696.9868,0.00024414062,2075.0566,0.00024414062,100.0,0.0
y269p699_z222p884,34,100.0,3400.0,1750.0,981.07086,2696.9868,0.00024414062,2228.8389,0.00024414062,100.0,0.0
y269p699_z22p967,34,100.0,3400.0,1750.0,981.07086,2696.9868,0.00024414062,229.67299,1.5258789e-05,100.0,0.0
y269p699_z38p346,34,100.0,3400.0,1750.0,981.07086,2696.9868,0.00024414062,383.455,0.0,100.0,0.0
y269p699_z53p724,34,100.0,3400.0,1750.0,981.07086,2696.9868,0.00024414062,537.23694,6.1035156e-05,100.0,0.0
y269p699_z69p102,34,100.0,3400.0,1750.0,981.07086,2696.9868,0.00024414062,691.01904,6.1035156e-05,100.0,0.0
y269p699_z7p589,34,100.0,3400.0,1750.0,981.07086,2696.9868,0.00024414062,75.89101,7.6293945e-06,100.0,0.0
y269p699_z84p480,34,100.0,3400.0,1750.0,981.07086,2696.9868,0.00024414062,844.801,0.0,100.0,0.0
y269p699_z99p858,34,100.0,3400.0,1750.0,981.07086,2696.9868,0.00024414062,998.58295,6.1035156e-05,100.0,0.0
y284p675_z115p237,34,100.0,3400.0,1750.0,981.07086,2846.752,0.0,1152.3649,0.00012207031,100.0,0.0
y284p675_z130p615,34,100.0,3400.0,1750.0,981.07086,2846.752,0.0,1306.1471,0.00012207031,100.0,0.0
y284p675_z145p993,34,100.0,3400.0,1750.0,981.07086,2846.752,0.0,1459.929,0.0,100.0,0.0
y284p675_z161p371,34,100.0,3400.0,1750.0,981.07086,2846.752,0.0,1613.711,0.0,100.0,0.0
y284p675_z176p749,34,100.0,3400.0,1750.0,981.07086,2846.752,0.0,1767.493,0.0,100.0,0.0
y284p675_z192p127,34,100.0,3400.0,1750.0,981.07086,2846.752,0.0,1921.2749,0.00012207031,100.0,0.0
y284p675_z207p506,34,100.0,3400.0,1750.0,981.07086,2846.752,0.0,2075.0566,0.00024414062,100.0,0.0
y284p675_z222p884,34,100.0,3400.0,1750.0,981.07086,2846.752,0.0,2228.8389,0.00024414062,100.0,0.0
y284p675_z22p967,34,100.0,3400.0,1750.0,981.07086,2846.752,0.0,229.67299,1.5258789e-05,100.0,0.0
y284p675_z38p346,34,100.0,3400.0,1750.0,981.07086,2846.752,0.0,383.455,0.0,100.0,0.0
y284p675_z53p724,34,100.0,3400.0,1750.0,981.07086,2846.752,0.0,537.23694,6.1035156e-05,100.0,0.0
y284p675_z69p102,34,100.0,3400.0,1750.0,981.07086,2846.752,0.0,691.01904,6.1035156e-05,100.0,0.0
y284p675_z7p589,34,100.0,3400.0,1750.0,981.07086,2846.752,0.0,75.89101,7.6293945e-06,100.0,0.0
y284p675_z84p480,34,100.0,3400.0,1750.0,981.07086,2846.752,0.0,844.801,0.0,100.0,0.0
y284p675_z99p858,34,100.0,3400.0,1750.0,981.07086,2846.752,0.0,998.58295,6.1035156e-05,100.0,0.0
y299p652_z115p237,34,100.0,3400.0,1750.0,981.07086,2996.517,0.0,1152.3649,0.00012207031,100.0,0.0
y299p652_z130p615,34,100.0,3400.0,1750.0,981.07086,2996.517,0.0,1306.1471,0.00012207031,100.0,0.0
y299p652_z145p993,34,100.0,3400.0,1750.0,981.07086,2996.517,0.0,1459.929,0.0,100.0,0.0
y299p652_z161p371,34,100.0,3400.0,1750.0,981.07086,2996.517,0.0,1613.711,0.0,100.0,0.0
y299p652_z176p749,34,100.0,3400.0,1750.0,981.07086,2996.517,0.0,1767.493,0.0,100.0,0.0
y299p652_z192p127,34,100.0,3400.0,1750.0,981.07086,2996.517,0.0,1921.2749,0.00012207031,100.0,0.0
y299p652_z207p506,34,100.0,3400.0,1750.0,981.07086,2996.517,0.0,2075.0566,0.00024414062,100.0,0.0
y299p652_z222p884,34,100.0,3400.0,1750.0,981.07086,2996.517,0.0,2228.8389,0.00024414062,100.0,0.0
y299p652_z22p967,34,100.0,3400.0,1750.0,981.07086,2996.517,0.0,229.67299,1.5258789e-05,100.0,0.0
y299p652_z38p346,34,100.0,3400.0,1750.0,981.07086,2996.517,0.0,383.455,0.0,100.0,0.0
y299p652_z53p724,34,100.0,3400.0,1750.0,981.07086,2996.517,0.0,537.23694,6.1035156e-05,100.0,0.0
y299p652_z69p102,34,100.0,3400.0,1750.0,981.07086,2996.517,0.0,691.01904,6.1035156e-05,100.0,0.0
y299p652_z7p589,34,100.0,3400.0,1750.0,981.07086,2996.517,0.0,75.89101,7.6293945e-06,100.0,0.0
y299p652_z84p480,34,100.0,3400.0,1750.0,981.07086,2996.517,0.0,844.801,0.0,100.0,0.0
y299p652_z99p858,34,100.0,3400.0,1750.0,981.07086,2996.517,0.0,998.58295,6.1035156e-05,100.0,0.0
y30p075_z115p237,34,100.0,3400.0,1750.0,981.07086,300.747,0.0,1152.3649,0.00012207031,100.0,0.0
y30p075_z130p615,34,100.0,3400.0,1750.0,981.07086,300.747,0.0,1306.1471,0.00012207031,100.0,0.0
y30p075_z145p993,34,100.0,3400.0,1750.0,981.07086,300.747,0.0,1459.929,0.0,100.0,0.0
y30p075_z161p371,34,100.0,3400.0,1750.0,981.07086,300.747,0.0,1613.711,0.0,100.0,0.0
y30p075_z176p749,34,100.0,3400.0,1750.0,981.07086,300.747,0.0,1767.493,0.0,100.0,0.0
y30p075_z192p127,34,100.0,3400.0,1750.0,981.07086,300.747,0.0,1921.2749,0.00012207031,100.0,0.0
y30p075_z207p506,34,100.0,3400.0,1750.0,981.07086,300.747,0.0,2075.0566,0.00024414062,100.0,0.0
y30p075_z222p884,34,100.0,3400.0,1750.0,981.07086,300.747,0.0,2228.8389,0.00024414062,100.0,0.0
y30p075_z22p967,34,100.0,3400.0,1750.0,981.07086,300.747,0.0,229.67299,1.5258789e-05,100.0,0.0
y30p075_z38p346,34,100.0,3400.0,1750.0,981.07086,300.747,0.0,383.455,0.0,100.0,0.0
y30p075_z53p724,34,100.0,3400.0,1750.0,981.07086,300.747,0.0,537.23694,6.1035156e-05,100.0,0.0
y30p075_z69p102,34,100.0,3400.0,1750.0,981.07086,300.747,0.0,691.01904,6.1035156e-05,100.0,0.0
y30p075_z7p589,34,100.0,3400.0,1750.0,981.07086,300.747,0.0,75.89101,7.6293945e-06,100.0,0.0
y30p075_z84p480,34,100.0,3400.0,1750.0,981.07086,300.747,0.0,844.801,0.0,100.0,0.0
y30p075_z99p858,34,100.0,3400.0,1750.0,981.07086,300.747,0.0,998.58295,6.1035156e-05,100.0,0.0
y314p628_z115p237,34,100.0,3400.0,1750.0,981.07086,3146.282,0.0,1152.3649,0.00012207031,100.0,0.0
y314p628_z130p615,34,100.0,3400.0,1750.0,981.07086,3146.282,0.0,1306.1471,0.00012207031,100.0,0.0
y314p628_z145p993,34,100.0,3400.0,1750.0,981.07086,3146.282,0.0,1459.929,0.0,100.0,0.0
y314p628_z161p371,34,100.0,3400.0,1750.0,981.07086,3146.282,0.0,1613.711,0.0,100.0,0.0
y314p628_z176p749,34,100.0,3400.0,1750.0,981.07086,3146.282,0.0,1767.493,0.0,100.0,0.0
y314p628_z192p127,34,100.0,3400.0,1750.0,981.07086,3146.282,0.0,1921.2749,0.00012207031,100.0,0.0
y314p628_z207p506,34,100.0,3400.0,1750.0,981.07086,3146.282,0.0,2075.0566,0.00024414062,100.0,0.0
y314p628_z222p884,34,100.0,3400.0,1750.0,981.07086,3146.282,0.0,2228.8389,0.00024414062,100.0,0.0
y314p628_z22p967,34,100.0,3400.0,1750.0,981.07086,3146.282,0.0,229.67299,1.5258789e-05,100.0,0.0
y314p628_z38p346,34,100.0,3400.0,1750.0,981.07086,3146.282,0.0,383.455,0.0,100.0,0.0
y314p628_z53p724,34,100.0,3400.0,1750.0,981.07086,3146.282,0.0,537.23694,6.1035156e-05,100.0,0.0
y314p628_z69p102,34,100.0,3400.0,1750.0,981.07086,3146.282,0.0,691.01904,6.1035156e-05,100.0,0.0
y314p628_z7p589,34,100.0,3400.0,1750.0,981.07086,3146.282,0.0,75.89101,7.6293945e-06,100.0,0.0
y314p628_z84p480,34,100.0,3400.0,1750.0,981.07086,3146.282,0.0,844.801,0.0,100.0,0.0
y314p628_z99p858,34,100.0,3400.0,1750.0,981.07086,3146.282,0.0,998.58295,6.1035156e-05,100.0,0.0
y329p605_z115p237,34,100.0,3400.0,1750.0,981.07086,3296.047,0.0,1152.3649,0.00012207031,100.0,0.0
y329p605_z130p615,34,100.0,3400.0,1750.0,981.07086,3296.047,0.0,1306.1471,0.00012207031,100.0,0.0
y329p605_z145p993,34,100.0,3400.0,1750.0,981.07086,3296.047,0.0,1459.929,0.0,100.0,0.0
y329p605_z161p371,34,100.0,3400.0,1750.0,981.07086,3296.047,0.0,1613.711,0.0,100.0,0.0
y329p605_z176p749,34,100.0,3400.0,1750.0,981.07086,3296.047,0.0,1767.493,0.0,100.0,0.0
y329p605_z192p127,34,100.0,3400.0,1750.0,981.07086,3296.047,0.0,1921.2749,0.00012207031,100.0,0.0
y329p605_z207p506,34,100.0,3400.0,1750.0,981.07086,3296.047,0.0,2075.0566,0.00024414062,100.0,0.0
y329p605_z222p884,34,100.0,3400.0,1750.0,981.07086,3296.047,0.0,2228.8389,0.00024414062,100.0,0.0
y329p605_z22p967,34,100.0,3400.0,1750.0,981.07086,3296.047,0.0,229.67299,1.5258789e-05,100.0,0.0
y329p605_z38p346,34,100.0,3400.0,1750.0,981.07086,3296.047,0.0,383.455,0.0,100.0,0.0
y329p605_z53p724,34,100.0,3400.0,1750.0,981.07086,3296.047,0.0,537.23694,6.1035156e-05,100.0,0.0
y329p605_z69p102,34,100.0,3400.0,1750.0,981.07086,3296.047,0.0,691.01904,6.1035156e-05,100.0,0.0
y329p605_z7p589,34,100.0,3400.0,1750.0,981.07086,3296.047,0.0,75.89101,7.6293945e-06,100.0,0.0
y329p605_z84p480,34,100.0,3400.0,1750.0,981.07086,3296.047,0.0,844.801,0.0,100.0,0.0
y329p605_z99p858,34,100.0,3400.0,1750.0,981.07086,3296.047,0.0,998.58295,6.1035156e-05,100.0,0.0
y344p581_z115p237,34,100.0,3400.0,1750.0,981.07086,3445.812,0.0,1152.3649,0.00012207031,100.0,0.0
y344p581_z130p615,34,100.0,3400.0,1750.0,981.07086,3445.812,0.0,1306.1471,0.00012207031,100.0,0.0
y344p581_z145p993,34,100.0,3400.0,1750.0,981.07086,3445.812,0.0,1459.929,0.0,100.0,0.0
y344p581_z161p371,34,100.0,3400.0,1750.0,981.07086,3445.812,0.0,1613.711,0.0,100.0,0.0
y344p581_z176p749,34,100.0,3400.0,1750.0,981.07086,3445.812,0.0,1767.493,0.0,100.0,0.0
y344p581_z192p127,34,100.0,3400.0,1750.0,981.07086,3445.812,0.0,1921.2749,0.00012207031,100.0,0.0
y344p581_z207p506,34,100.0,3400.0,1750.0,981.07086,3445.812,0.0,2075.0566,0.00024414062,100.0,0.0
y344p581_z222p884,34,100.0,3400.0,1750.0,981.07086,3445.812,0.0,2228.8389,0.00024414062,100.0,0.0
y344p581_z22p967,34,100.0,3400.0,1750.0,981.07086,3445.812,0.0,229.67299,1.5258789e-05,100.0,0.0
y344p581_z38p346,34,100.0,3400.0,1750.0,981.07086,3445.812,0.0,383.455,0.0,100.0,0.0
y344p581_z53p724,34,100.0,3400.0,1750.0,981.07086,3445.812,0.0,537.23694,6.1035156e-05,100.0,0.0
y344p581_z69p102,34,100.0,3400.0,1750.0,981.07086,3445.812,0.0,691.01904,6.1035156e-05,100.0,0.0
y344p581_z7p589,34,100.0,3400.0,1750.0,981.07086,3445.812,0.0,75.89101,7.6293945e-06,100.0,0.0
y344p581_z84p480,34,100.0,3400.0,1750.0,981.07086,3445.812,0.0,844.801,0.0,100.0,0.0
y344p581_z99p858,34,100.0,3400.0,1750.0,981.07086,3445.812,0.0,998.58295,6.1035156e-05,100.0,0.0
y359p558_z115p237,34,100.0,3400.0,1750.0,981.07086,3595.577,0.0,1152.3649,0.00012207031,100.0,0.0
y359p558_z130p615,34,100.0,3400.0,1750.0,981.07086,3595.577,0.0,1306.1471,0.00012207031,100.0,0.0
y359p558_z145p993,34,100.0,3400.0,1750.0,981.07086,3595.577,0.0,1459.929,0.0,100.0,0.0
y359p558_z161p371,34,100.0,3400.0,1750.0,981.07086,3595.577,0.0,1613.711,0.0,100.0,0.0
y359p558_z176p749,34,100.0,3400.0,1750.0,981.07086,3595.577,0.0,1767.493,0.0,100.0,0.0
y359p558_z192p127,34,100.0,3400.0,1750.0,981.07086,3595.577,0.0,1921.2749,0.00012207031,100.0,0.0
y359p558_z207p506,34,100.0,3400.0,1750.0,981.07086,3595.577,0.0,2075.0566,0.00024414062,100.0,0.0
y359p558_z222p884,34,100.0,3400.0,1750.0,981.07086,3595.577,0.0,2228.8389,0.00024414062,100.0,0.0
y359p558_z22p967,34,100.0,3400.0,1750.0,981.07086,3595.577,0.0,229.67299,1.5258789e-05,100.0,0.0
y359p558_z38p346,34,100.0,3400.0,1750.0,981.07086,3595.577,0.0,383.455,0.0,100.0,0.0
y359p558_z53p724,34,100.0,3400.0,1750.0,981.07086,3595.577,0.0,537.23694,6.1035156e-05,100.0,0.0
y359p558_z69p102,34,100.0,3400.0,1750.0,981.07086,3595.577,0.0,691.01904,6.1035156e-05,100.0,0.0
y359p558_z7p589,34,100.0,3400.0,1750.0,981.07086,3595.577,0.0,75.89101,7.6293945e-06,100.0,0.0
y359p558_z84p480,34,100.0,3400.0,1750.0,981.07086,3595.577,0.0,844.801,0.0,100.0,0.0
y359p558_z99p858,34,100.0,3400.0,1750.0,981.07086,3595.577,0.0,998.58295,6.1035156e-05,100.0,0.0
y374p534_z115p237,34,100.0,3400.0,1750.0,981.07086,3745.342,0.0,1152.3649,0.00012207031,100.0,0.0
y374p534_z130p615,34,100.0,3400.0,1750.0,981.07086,3745.342,0.0,1306.1471,0.00012207031,100.0,0.0
y374p534_z145p993,34,100.0,3400.0,1750.0,981.07086,3745.342,0.0,1459.929,0.0,100.0,0.0
y374p534_z161p371,34,100.0,3400.0,1750.0,981.07086,3745.342,0.0,1613.711,0.0,100.0,0.0
y374p534_z176p749,34,100.0,3400.0,1750.0,981.07086,3745.342,0.0,1767.493,0.0,100.0,0.0
y374p534_z192p127,34,100.0,3400.0,1750.0,981.07086,3745.342,0.0,1921.2749,0.00012207031,100.0,0.0
y374p534_z207p506,34,100.0,3400.0,1750.0,981.07086,3745.342,0.0,2075.0566,0.00024414062,100.0,0.0
y374p534_z222p884,34,100.0,3400.0,1750.0,981.07086,3745.342,0.0,2228.8389,0.00024414062,100.0,0.0
y374p534_z22p967,34,100.0,3400.0,1750.0,981.07086,3745.342,0.0,229.67299,1.5258789e-05,100.0,0.0
y374p534_z38p346,34,100.0,3400.0,1750.0,981.07086,3745.342,0.0,383.455,0.0,100.0,0.0
y374p534_z53p724,34,100.0,3400.0,1750.0,981.07086,3745.342,0.0,537.23694,6.1035156e-05,100.0,0.0
y374p534_z69p102,34,100.0,3400.0,1750.0,981.07086,3745.342,0.0,691.01904,6.1035156e-05,100.0,0.0
y374p534_z7p589,34,100.0,3400.0,1750.0,981.07086,3745.342,0.0,75.89101,7.6293945e-06,100.0,0.0
y374p534_z84p480,34,100.0,3400.0,1750.0,981.07086,3745.342,0.0,844.801,0.0,100.0,0.0
y374p534_z99p858,34,100.0,3400.0,1750.0,981.07086,3745.342,0.0,998.58295,6.1035156e-05,100.0,0.0
y389p511_z115p237,34,100.0,3400.0,1750.0,981.07086,3895.1072,0.00024414062,1152.3649,0.00012207031,100.0,0.0
y389p511_z130p615,34,100.0,3400.0,1750.0,981.07086,3895.1072,0.00024414062,1306.1471,0.00012207031,100.0,0.0
y389p511_z145p993,34,100.0,3400.0,1750.0,981.07086,3895.1072,0.00024414062,1459.929,0.0,100.0,0.0
y389p511_z161p371,34,100.0,3400.0,1750.0,981.07086,3895.1072,0.00024414062,1613.711,0.0,100.0,0.0
y389p511_z176p749,34,100.0,3400.0,1750.0,981.07086,3895.1072,0.00024414062,1767.493,0.0,100.0,0.0
y389p511_z192p127,34,100.0,3400.0,1750.0,981.07086,3895.1072,0.00024414062,1921.2749,0.00012207031,100.0,0.0
y389p511_z207p506,34,100.0,3400.0,1750.0,981.07086,3895.1072,0.00024414062,2075.0566,0.00024414062,100.0,0.0
y389p511_z222p884,34,100.0,3400.0,1750.0,981.07086,3895.1072,0.00024414062,2228.8389,0.00024414062,100.0,0.0
y389p511_z22p967,34,100.0,3400.0,1750.0,981.07086,3895.1072,0.00024414062,229.67299,1.5258789e-05,100.0,0.0
y389p511_z38p346,34,100.0,3400.0,1750.0,981.07086,3895.1072,0.00024414062,383.455,0.0,100.0,0.0
y389p511_z53p724,34,100.0,3400.0,1750.0,981.07086,3895.1072,0.00024414062,537.23694,6.1035156e-05,100.0,0.0
y389p511_z69p102,34,100.0,3400.0,1750.0,981.07086,3895.1072,0.00024414062,691.01904,6.1035156e-05,100.0,0.0
y389p511_z7p589,34,100.0,3400.0,1750.0,981.07086,3895.1072,0.00024414062,75.89101,7.6293945e-06,100.0,0.0
y389p511_z84p480,34,100.0,3400.0,1750.0,981.07086,3895.1072,0.00024414062,844.801,0.0,100.0,0.0
y389p511_z99p858,34,100.0,3400.0,1750.0,981.07086,3895.1072,0.00024414062,998.58295,6.1035156e-05,100.0,0.0
y404p487_z115p237,34,100.0,3400.0,1750.0,981.07086,4044.8723,0.00024414062,1152.3649,0.00012207031,100.0,0.0
y404p487_z130p615,34,100.0,3400.0,1750.0,981.07086,4044.8723,0.00024414062,1306.1471,0.00012207031,100.0,0.0
y404p487_z145p993,34,100.0,3400.0,1750.0,981.07086,4044.8723,0.00024414062,1459.929,0.0,100.0,0.0
y404p487_z161p371,34,100.0,3400.0,1750.0,981.07086,4044.8723,0.00024414062,1613.711,0.0,100.0,0.0
y404p487_z176p749,34,100.0,3400.0,1750.0,981.07086,4044.8723,0.00024414062,1767.493,0.0,100.0,0.0
y404p487_z192p127,34,100.0,3400.0,1750.0,981.07086,4044.8723,0.00024414062,1921.2749,0.00012207031,100.0,0.0
y404p487_z207p506,34,100.0,3400.0,1750.0,981.07086,4044.8723,0.00024414062,2075.0566,0.00024414062,100.0,0.0
y404p487_z222p884,34,100.0,3400.0,1750.0,981.07086,4044.8723,0.00024414062,2228.8389,0.00024414062,100.0,0.0
y404p487_z22p967,34,100.0,3400.0,1750.0,981.07086,4044.8723,0.00024414062,229.67299,1.5258789e-05,100.0,0.0
y404p487_z38p346,34,100.0,3400.0,1750.0,981.07086,4044.8723,0.00024414062,383.455,0.0,100.0,0.0
y404p487_z53p724,34,100.0,3400.0,1750.0,981.07086,4044.8723,0.00024414062,537.23694,6.1035156e-05,100.0,0.0
y404p487_z69p102,34,100.0,3400.0,1750.0,981.07086,4044.8723,0.00024414062,691.01904,6.1035156e-05,100.0,0.0
y404p487_z7p589,34,100.0,3400.0,1750.0,981.07086,4044.8723,0.00024414062,75.89101,7.6293945e-06,100.0,0.0
y404p487_z84p480,34,100.0,3400.0,1750.0,981.07086,4044.8723,0.00024414062,844.801,0.0,100.0,0.0
y404p487_z99p858,34,100.0,3400.0,1750.0,981.07086,4044.8723,0.00024414062,998.58295,6.1035156e-05,100.0,0.0
y419p464_z115p237,34,100.0,3400.0,1750.0,981.07086,4194.637,0.0,1152.3649,0.00012207031,100.0,0.0
y419p464_z130p615,34,100.0,3400.0,1750.0,981.07086,4194.637,0.0,1306.1471,0.00012207031,100.0,0.0
y419p464_z145p993,34,100.0,3400.0,1750.0,981.07086,4194.637,0.0,1459.929,0.0,100.0,0.0
y419p464_z161p371,34,100.0,3400.0,1750.0,981.07086,4194.637,0.0,1613.711,0.0,100.0,0.0
y419p464_z176p749,34,100.0,3400.0,1750.0,981.07086,4194.637,0.0,1767.493,0.0,100.0,0.0
y419p464_z192p127,34,100.0,3400.0,1750.0,981.07086,4194.637,0.0,1921.2749,0.00012207031,100.0,0.0
y419p464_z207p506,34,100.0,3400.0,1750.0,981.07086,4194.637,0.0,2075.0566,0.00024414062,100.0,0.0
y419p464_z222p884,34,100.0,3400.0,1750.0,981.07086,4194.637,0.0,2228.8389,0.00024414062,100.0,0.0
y419p464_z22p967,34,100.0,3400.0,1750.0,981.07086,4194.637,0.0,229.67299,1.5258789e-05,100.0,0.0
y419p464_z38p346,34,100.0,3400.0,1750.0,981.07086,4194.637,0.0,383.455,0.0,100.0,0.0
y419p464_z53p724,34,100.0,3400.0,1750.0,981.07086,4194.637,0.0,537.23694,6.1035156e-05,100.0,0.0
y419p464_z69p102,34,100.0,3400.0,1750.0,981.07086,4194.637,0.0,691.01904,6.1035156e-05,100.0,0.0
y419p464_z7p589,34,100.0,3400.0,1750.0,981.07086,4194.637,0.0,75.89101,7.6293945e-06,100.0,0.0
y419p464_z84p480,34,100.0,3400.0,1750.0,981.07086,4194.637,0.0,844.801,0.0,100.0,0.0
y419p464_z99p858,34,100.0,3400.0,1750.0,981.07086,4194.637,0.0,998.58295,6.1035156e-05,100.0,0.0
y434p440_z115p237,34,100.0,3400.0,1750.0,981.07086,4344.403,0.0,1152.3649,0.00012207031,100.0,0.0
y434p440_z130p615,34,100.0,3400.0,1750.0,981.07086,4344.403,0.0,1306.1471,0.00012207031,100.0,0.0
y434p440_z145p993,34,100.0,3400.0,1750.0,981.07086,4344.403,0.0,1459.929,0.0,100.0,0.0
y434p440_z161p371,34,100.0,3400.0,1750.0,981.07086,4344.403,0.0,1613.711,0.0,100.0,0.0
y434p440_z176p749,34,100.0,3400.0,1750.0,981.07086,4344.403,0.0,1767.493,0.0,100.0,0.0
y434p440_z192p127,34,100.0,3400.0,1750.0,981.07086,4344.403,0.0,1921.2749,0.00012207031,100.0,0.0
y434p440_z207p506,34,100.0,3400.0,1750.0,981.07086,4344.403,0.0,2075.0566,0.00024414062,100.0,0.0
y434p440_z222p884,34,100.0,3400.0,1750.0,981.07086,4344.403,0.0,2228.8389,0.00024414062,100.0,0.0
y434p440_z22p967,34,100.0,3400.0,1750.0,981.07086,4344.403,0.0,229.67299,1.5258789e-05,100.0,0.0
y434p440_z38p346,34,100.0,3400.0,1750.0,981.07086,4344.403,0.0,383.455,0.0,100.0,0.0
y434p440_z53p724,34,100.0,3400.0,1750.0,981.07086,4344.403,0.0,537.23694,6.1035156e-05,100.0,0.0
y434p440_z69p102,34,100.0,3400.0,1750.0,981.07086,4344.403,0.0,691.01904,6.1035156e-05,100.0,0.0
y434p440_z7p589,34,100.0,3400.0,1750.0,981.07086,4344.403,0.0,75.89101,7.6293945e-06,100.0,0.0
y434p440_z84p480,34,100.0,3400.0,1750.0,981.07086,4344.403,0.0,844.801,0.0,100.0,0.0
y434p440_z99p858,34,100.0,3400.0,1750.0,981.07086,4344.403,0.0,998.58295,6.1035156e-05,100.0,0.0
y449p417_z115p237,34,100.0,3400.0,1750.0,981.07086,4494.1675,0.00048828125,1152.3649,0.00012207031,100.0,0.0
y449p417_z130p615,34,100.0,3400.0,1750.0,981.07086,4494.1675,0.00048828125,1306.1471,0.00012207031,100.0,0.0
y449p417_z145p993,34,100.0,3400.0,1750.0,981.07086,4494.1675,0.00048828125,1459.929,0.0,100.0,0.0
y449p417_z161p371,34,100.0,3400.0,1750.0,981.07086,4494.1675,0.00048828125,1613.711,0.0,100.0,0.0
y449p417_z176p749,34,100.0,3400.0,1750.0,981.07086,4494.1675,0.00048828125,1767.493,0.0,100.0,0.0
y449p417_z192p127,34,100.0,3400.0,1750.0,981.07086,4494.1675,0.00048828125,1921.2749,0.00012207031,100.0,0.0
y449p417_z207p506,34,100.0,3400.0,1750.0,981.07086,4494.1675,0.00048828125,2075.0566,0.00024414062,100.0,0.0
y449p417_z222p884,34,100.0,3400.0,1750.0,981.07086,4494.1675,0.00048828125,2228.8389,0.00024414062,100.0,0.0
y449p417_z22p967,34,100.0,3400.0,1750.0,981.07086,4494.1675,0.00048828125,229.67299,1.5258789e-05,100.0,0.0
y449p417_z38p346,34,100.0,3400.0,1750.0,981.07086,4494.1675,0.00048828125,383.455,0.0,100.0,0.0
y449p417_z53p724,34,100.0,3400.0,1750.0,981.07086,4494.1675,0.00048828125,537.23694,6.1035156e-05,100.0,0.0
y449p417_z69p102,34,100.0,3400.0,1750.0,981.07086,4494.1675,0.00048828125,691.01904,6.1035156e-05,100.0,0.0
y449p417_z7p589,34,100.0,3400.0,1750.0,981.07086,4494.1675,0.00048828125,75.89101,7.6293945e-06,100.0,0.0
y449p417_z84p480,34,100.0,3400.0,1750.0,981.07086,4494.1675,0.00048828125,844.801,0.0,100.0,0.0
y449p417_z99p858,34,100.0,3400.0,1750.0,981.07086,4494.1675,0.00048828125,998.58295,6.1035156e-05,100.0,0.0
y45p051_z115p237,34,100.0,3400.0,1750.0,981.07086,450.51196,3.0517578e-05,1152.3649,0.00012207031,100.0,0.0
y45p051_z130p615,34,100.0,3400.0,1750.0,981.07086,450.51196,3.0517578e-05,1306.1471,0.00012207031,100.0,0.0
y45p051_z145p993,34,100.0,3400.0,1750.0,981.07086,450.51196,3.0517578e-05,1459.929,0.0,100.0,0.0
y45p051_z161p371,34,100.0,3400.0,1750.0,981.07086,450.51196,3.0517578e-05,1613.711,0.0,100.0,0.0
y45p051_z176p749,34,100.0,3400.0,1750.0,981.07086,450.51196,3.0517578e-05,1767.493,0.0,100.0,0.0
y45p051_z192p127,34,100.0,3400.0,1750.0,981.07086,450.51196,3.0517578e-05,1921.2749,0.00012207031,100.0,0.0
y45p051_z207p506,34,100.0,3400.0,1750.0,981.07086,450.51196,3.0517578e-05,2075.0566,0.00024414062,100.0,0.0
y45p051_z222p884,34,100.0,3400.0,1750.0,981.07086,450.51196,3.0517578e-05,2228.8389,0.00024414062,100.0,0.0
y45p051_z22p967,34,100.0,3400.0,1750.0,981.07086,450.51196,3.0517578e-05,229.67299,1.5258789e-05,100.0,0.0
y45p051_z38p346,34,100.0,3400.0,1750.0,981.07086,450.51196,3.0517578e-05,383.455,0.0,100.0,0.0
y45p051_z53p724,34,100.0,3400.0,1750.0,981.07086,450.51196,3.0517578e-05,537.23694,6.1035156e-05,100.0,0.0
y45p051_z69p102,34,100.0,3400.0,1750.0,981.07086,450.51196,3.0517578e-05,691.01904,6.1035156e-05,100.0,0.0
y45p051_z7p589,34,100.0,3400.0,1750.0,981.07086,450.51196,3.0517578e-05,75.89101,7.6293945e-06,100.0,0.0
y45p051_z84p480,34,100.0,3400.0,1750.0,981.07086,450.51196,3.0517578e-05,844.801,0.0,100.0,0.0
y45p051_z99p858,34,100.0,3400.0,1750.0,981.07086,450.51196,3.0517578e-05,998.58295,6.1035156e-05,100.0,0.0
y464p393_z115p237,34,100.0,3400.0,1750.0,981.07086,4643.9326,0.00048828125,1152.3649,0.00012207031,100.0,0.0
y464p393_z130p615,34,100.0,3400.0,1750.0,981.07086,4643.9326,0.00048828125,1306.1471,0.00012207031,100.0,0.0
y464p393_z145p993,34,100.0,3400.0,1750.0,981.07086,4643.9326,0.00048828125,1459.929,0.0,100.0,0.0
y464p393_z161p371,34,100.0,3400.0,1750.0,981.07086,4643.9326,0.00048828125,1613.711,0.0,100.0,0.0
y464p393_z176p749,34,100.0,3400.0,1750.0,981.07086,4643.9326,0.00048828125,1767.493,0.0,100.0,0.0
y464p393_z192p127,34,100.0,3400.0,1750.0,981.07086,4643.9326,0.00048828125,1921.2749,0.00012207031,100.0,0.0
y464p393_z207p506,34,100.0,3400.0,1750.0,981.07086,4643.9326,0.00048828125,2075.0566,0.00024414062,100.0,0.0
y464p393_z222p884,34,100.0,3400.0,1750.0,981.07086,4643.9326,0.00048828125,2228.8389,0.00024414062,100.0,0.0
y464p393_z22p967,34,100.0,3400.0,1750.0,981.07086,4643.9326,0.00048828125,229.67299,1.5258789e-05,100.0,0.0
y464p393_z38p346,34,100.0,3400.0,1750.0,981.07086,4643.9326,0.00048828125,383.455,0.0,100.0,0.0
y464p393_z53p724,34,100.0,3400.0,1750.0,981.07086,4643.9326,0.00048828125,537.23694,6.1035156e-05,100.0,0.0
y464p393_z69p102,34,100.0,3400.0,1750.0,981.07086,4643.9326,0.00048828125,691.01904,6.1035156e-05,100.0,0.0
y464p393_z7p589,34,100.0,3400.0,1750.0,981.07086,4643.9326,0.00048828125,75.89101,7.6293945e-06,100.0,0.0
y464p393_z84p480,34,100.0,3400.0,1750.0,981.07086,4643.9326,0.00048828125,844.801,0.0,100.0,0.0
y464p393_z99p858,34,100.0,3400.0,1750.0,981.07086,4643.9326,0.00048828125,998.58295,6.1035156e-05,100.0,0.0
y479p370_z115p237,34,100.0,3400.0,1750.0,981.07086,4793.6987,0.00048828125,1152.3649,0.00012207031,100.0,0.0
y479p370_z130p615,34,100.0,3400.0,1750.0,981.07086,4793.6987,0.00048828125,1306.1471,0.00012207031,100.0,0.0
y479p370_z145p993,34,100.0,3400.0,1750.0,981.07086,4793.6987,0.00048828125,1459.929,0.0,100.0,0.0
y479p370_z161p371,34,100.0,3400.0,1750.0,981.07086,4793.6987,0.00048828125,1613.711,0.0,100.0,0.0
y479p370_z176p749,34,100.0,3400.0,1750.0,981.07086,4793.6987,0.00048828125,1767.493,0.0,100.0,0.0
y479p370_z192p127,34,100.0,3400.0,1750.0,981.07086,4793.6987,0.00048828125,1921.2749,0.00012207031,100.0,0.0
y479p370_z207p506,34,100.0,3400.0,1750.0,981.07086,4793.6987,0.00048828125,2075.0566,0.00024414062,100.0,0.0
y479p370_z222p884,34,100.0,3400.0,1750.0,981.07086,4793.6987,0.00048828125,2228.8389,0.00024414062,100.0,0.0
y479p370_z22p967,34,100.0,3400.0,1750.0,981.07086,4793.6987,0.00048828125,229.67299,1.5258789e-05,100.0,0.0
y479p370_z38p346,34,100.0,3400.0,1750.0,981.07086,4793.6987,0.00048828125,383.455,0.0,100.0,0.0
y479p370_z53p724,34,100.0,3400.0,1750.0,981.07086,4793.6987,0.00048828125,537.23694,6.1035156e-05,100.0,0.0
y479p370_z69p102,34,100.0,3400.0,1750.0,981.07086,4793.6987,0.00048828125,691.01904,6.1035156e-05,100.0,0.0
y479p370_z7p589,34,100.0,3400.0,1750.0,981.07086,4793.6987,0.00048828125,75.89101,7.6293945e-06,100.0,0.0
y479p370_z84p480,34,100.0,3400.0,1750.0,981.07086,4793.6987,0.00048828125,844.801,0.0,100.0,0.0
y479p370_z99p858,34,100.0,3400.0,1750.0,981.07086,4793.6987,0.00048828125,998.58295,6.1035156e-05,100.0,0.0
y494p346_z115p237,34,100.0,3400.0,1750.0,981.07086,4943.4624,0.00048828125,1152.3649,0.00012207031,100.0,0.0
y494p346_z130p615,34,100.0,3400.0,1750.0,981.07086,4943.4624,0.00048828125,1306.1471,0.00012207031,100.0,0.0
y494p346_z145p993,34,100.0,3400.0,1750.0,981.07086,4943.4624,0.00048828125,1459.929,0.0,100.0,0.0
y494p346_z161p371,34,100.0,3400.0,1750.0,981.07086,4943.4624,0.00048828125,1613.711,0.0,100.0,0.0
y494p346_z176p749,34,100.0,3400.0,1750.0,981.07086,4943.4624,0.00048828125,1767.493,0.0,100.0,0.0
y494p346_z192p127,34,100.0,3400.0,1750.0,981.07086,4943.4624,0.00048828125,1921.2749,0.00012207031,100.0,0.0
y494p346_z207p506,34,100.0,3400.0,1750.0,981.07086,4943.4624,0.00048828125,2075.0566,0.00024414062,100.0,0.0
y494p346_z222p884,34,100.0,3400.0,1750.0,981.07086,4943.4624,0.00048828125,2228.8389,0.00024414062,100.0,0.0
y494p346_z22p967,34,100.0,3400.0,1750.0,981.07086,4943.4624,0.00048828125,229.67299,1.5258789e-05,100.0,0.0
y494p346_z38p346,34,100.0,3400.0,1750.0,981.07086,4943.4624,0.00048828125,383.455,0.0,100.0,0.0
y494p346_z53p724,34,100.0,3400.0,1750.0,981.07086,4943.4624,0.00048828125,537.23694,6.1035156e-05,100.0,0.0
y494p346_z69p102,34,100.0,3400.0,1750.0,981.07086,4943.4624,0.00048828125,691.01904,6.1035156e-05,100.0,0.0
y494p346_z7p589,34,100.0,3400.0,1750.0,981.07086,4943.4624,0.00048828125,75.89101,7.6293945e-06,100.0,0.0
y494p346_z84p480,34,100.0,3400.0,1750.0,981.07086,4943.4624,0.00048828125,844.801,0.0,100.0,0.0
y494p346_z99p858,34,100.0,3400.0,1750.0,981.07086,4943.4624,0.00048828125,998.58295,6.1035156e-05,100.0,0.0
y509p323_z115p237,34,100.0,3400.0,1750.0,981.07086,5093.2275,0.00048828125,1152.3649,0.00012207031,100.0,0.0
y509p323_z130p615,34,100.0,3400.0,1750.0,981.07086,5093.2275,0.00048828125,1306.1471,0.00012207031,100.0,0.0
y509p323_z145p993,34,100.0,3400.0,1750.0,981.07086,5093.2275,0.00048828125,1459.929,0.0,100.0,0.0
y509p323_z161p371,34,100.0,3400.0,1750.0,981.07086,5093.2275,0.00048828125,1613.711,0.0,100.0,0.0
y509p323_z176p749,34,100.0,3400.0,1750.0,981.07086,5093.2275,0.00048828125,1767.493,0.0,100.0,0.0
y509p323_z192p127,34,100.0,3400.0,1750.0,981.07086,5093.2275,0.00048828125,1921.2749,0.00012207031,100.0,0.0
y509p323_z207p506,34,100.0,3400.0,1750.0,981.07086,5093.2275,0.00048828125,2075.0566,0.00024414062,100.0,0.0
y509p323_z222p884,34,100.0,3400.0,1750.0,981.07086,5093.2275,0.00048828125,2228.8389,0.00024414062,100.0,0.0
y509p323_z22p967,34,100.0,3400.0,1750.0,981.07086,5093.2275,0.00048828125,229.67299,1.5258789e-05,100.0,0.0
y509p323_z38p346,34,100.0,3400.0,1750.0,981.07086,5093.2275,0.00048828125,383.455,0.0,100.0,0.0
y509p323_z53p724,34,100.0,3400.0,1750.0,981.07086,5093.2275,0.00048828125,537.23694,6.1035156e-05,100.0,0.0
y509p323_z69p102,34,100.0,3400.0,1750.0,981.07086,5093.2275,0.00048828125,691.01904,6.1035156e-05,100.0,0.0
y509p323_z7p589,34,100.0,3400.0,1750.0,981.07086,5093.2275,0.00048828125,75.89101,7.6293945e-06,100.0,0.0
y509p323_z84p480,34,100.0,3400.0,1750.0,981.07086,5093.2275,0.00048828125,844.801,0.0,100.0,0.0
y509p323_z99p858,34,100.0,3400.0,1750.0,981.07086,5093.2275,0.00048828125,998.58295,6.1035156e-05,100.0,0.0
y524p299_z115p237,34,100.0,3400.0,1750.0,981.07086,5242.9937,0.00048828125,1152.3649,0.00012207031,100.0,0.0
y524p299_z130p615,34,100.0,3400.0,1750.0,981.07086,5242.9937,0.00048828125,1306.1471,0.00012207031,100.0,0.0
y524p299_z145p993,34,100.0,3400.0,1750.0,981.07086,5242.9937,0.00048828125,1459.929,0.0,100.0,0.0
y524p299_z161p371,34,100.0,3400.0,1750.0,981.07086,5242.9937,0.00048828125,1613.711,0.0,100.0,0.0
y524p299_z176p749,34,100.0,3400.0,1750.0,981.07086,5242.9937,0.00048828125,1767.493,0.0,100.0,0.0
y524p299_z192p127,34,100.0,3400.0,1750.0,981.07086,5242.9937,0.00048828125,1921.2749,0.00012207031,100.0,0.0
y524p299_z207p506,34,100.0,3400.0,1750.0,981.07086,5242.9937,0.00048828125,2075.0566,0.00024414062,100.0,0.0
y524p299_z222p884,34,100.0,3400.0,1750.0,981.07086,5242.9937,0.00048828125,2228.8389,0.00024414062,100.0,0.0
y524p299_z22p967,34,100.0,3400.0,1750.0,981.07086,5242.9937,0.00048828125,229.67299,1.5258789e-05,100.0,0.0
y524p299_z38p346,34,100.0,3400.0,1750.0,981.07086,5242.9937,0.00048828125,383.455,0.0,100.0,0.0
y524p299_z53p724,34,100.0,3400.0,1750.0,981.07086,5242.9937,0.00048828125,537.23694,6.1035156e-05,100.0,0.0
y524p299_z69p102,34,100.0,3400.0,1750.0,981.07086,5242.9937,0.00048828125,691.01904,6.1035156e-05,100.0,0.0
y524p299_z7p589,34,100.0,3400.0,1750.0,981.07086,5242.9937,0.00048828125,75.89101,7.6293945e-06,100.0,0.0
y524p299_z84p480,34,100.0,3400.0,1750.0,981.07086,5242.9937,0.00048828125,844.801,0.0,100.0,0.0
y524p299_z99p858,34,100.0,3400.0,1750.0,981.07086,5242.9937,0.00048828125,998.58295,6.1035156e-05,100.0,0.0
y539p276_z115p237,34,100.0,3400.0,1750.0,981.07086,5392.7563,0.00048828125,1152.3649,0.00012207031,100.0,0.0
y539p276_z130p615,34,100.0,3400.0,1750.0,981.07086,5392.7563,0.00048828125,1306.1471,0.00012207031,100.0,0.0
y539p276_z145p993,34,100.0,3400.0,1750.0,981.07086,5392.7563,0.00048828125,1459.929,0.0,100.0,0.0
y539p276_z161p371,34,100.0,3400.0,1750.0,981.07086,5392.7563,0.00048828125,1613.711,0.0,100.0,0.0
y539p276_z176p749,34,100.0,3400.0,1750.0,981.07086,5392.7563,0.00048828125,1767.493,0.0,100.0,0.0
y539p276_z192p127,34,100.0,3400.0,1750.0,981.07086,5392.7563,0.00048828125,1921.2749,0.00012207031,100.0,0.0
y539p276_z207p506,34,100.0,3400.0,1750.0,981.07086,5392.7563,0.00048828125,2075.0566,0.00024414062,100.0,0.0
y539p276_z222p884,34,100.0,3400.0,1750.0,981.07086,5392.7563,0.00048828125,2228.8389,0.00024414062,100.0,0.0
y539p276_z22p967,34,100.0,3400.0,1750.0,981.07086,5392.7563,0.00048828125,229.67299,1.5258789e-05,100.0,0.0
y539p276_z38p346,34,100.0,3400.0,1750.0,981.07086,5392.7563,0.00048828125,383.455,0.0,100.0,0.0
y539p276_z53p724,34,100.0,3400.0,1750.0,981.07086,5392.7563,0.00048828125,537.23694,6.1035156e-05,100.0,0.0
y539p276_z69p102,34,100.0,3400.0,1750.0,981.07086,5392.7563,0.00048828125,691.01904,6.1035156e-05,100.0,0.0
y539p276_z7p589,34,100.0,3400.0,1750.0,981.07086,5392.7563,0.00048828125,75.89101,7.6293945e-06,100.0,0.0
y539p276_z84p480,34,100.0,3400.0,1750.0,981.07086,5392.7563,0.00048828125,844.801,0.0,100.0,0.0
y539p276_z99p858,34,100.0,3400.0,1750.0,981.07086,5392.7563,0.00048828125,998.58295,6.1035156e-05,100.0,0.0
y554p252_z115p237,34,100.0,3400.0,1750.0,981.07086,5542.5225,0.00048828125,1152.3649,0.00012207031,100.0,0.0
y554p252_z130p615,34,100.0,3400.0,1750.0,981.07086,5542.5225,0.00048828125,1306.1471,0.00012207031,100.0,0.0
y554p252_z145p993,34,100.0,3400.0,1750.0,981.07086,5542.5225,0.00048828125,1459.929,0.0,100.0,0.0
y554p252_z161p371,34,100.0,3400.0,1750.0,981.07086,5542.5225,0.00048828125,1613.711,0.0,100.0,0.0
y554p252_z176p749,34,100.0,3400.0,1750.0,981.07086,5542.5225,0.00048828125,1767.493,0.0,100.0,0.0
y554p252_z192p127,34,100.0,3400.0,1750.0,981.07086,5542.5225,0.00048828125,1921.2749,0.00012207031,100.0,0.0
y554p252_z207p506,34,100.0,3400.0,1750.0,981.07086,5542.5225,0.00048828125,2075.0566,0.00024414062,100.0,0.0
y554p252_z222p884,34,100.0,3400.0,1750.0,981.07086,5542.5225,0.00048828125,2228.8389,0.00024414062,100.0,0.0
y554p252_z22p967,34,100.0,3400.0,1750.0,981.07086,5542.5225,0.00048828125,229.67299,1.5258789e-05,100.0,0.0
y554p252_z38p346,34,100.0,3400.0,1750.0,981.07086,5542.5225,0.00048828125,383.455,0.0,100.0,0.0
y554p252_z53p724,34,100.0,3400.0,1750.0,981.07086,5542.5225,0.00048828125,537.23694,6.1035156e-05,100.0,0.0
y554p252_z69p102,34,100.0,3400.0,1750.0,981.07086,5542.5225,0.00048828125,691.01904,6.1035156e-05,100.0,0.0
y554p252_z7p589,34,100.0,3400.0,1750.0,981.07086,5542.5225,0.00048828125,75.89101,7.6293945e-06,100.0,0.0
y554p252_z84p480,34,100.0,3400.0,1750.0,981.07086,5542.5225,0.00048828125,844.801,0.0,100.0,0.0
y554p252_z99p858,34,100.0,3400.0,1750.0,981.07086,5542.5225,0.00048828125,998.58295,6.1035156e-05,100.0,0.0
y569p229_z115p237,34,100.0,3400.0,1750.0,981.07086,5692.2866,0.00048828125,1152.3649,0.00012207031,100.0,0.0
y569p229_z130p615,34,100.0,3400.0,1750.0,981.07086,5692.2866,0.00048828125,1306.1471,0.00012207031,100.0,0.0
y569p229_z145p993,34,100.0,3400.0,1750.0,981.07086,5692.2866,0.00048828125,1459.929,0.0,100.0,0.0
y569p229_z161p371,34,100.0,3400.0,1750.0,981.07086,5692.2866,0.00048828125,1613.711,0.0,100.0,0.0
y569p229_z176p749,34,100.0,3400.0,1750.0,981.07086,5692.2866,0.00048828125,1767.493,0.0,100.0,0.0
y569p229_z192p127,34,100.0,3400.0,1750.0,981.07086,5692.2866,0.00048828125,1921.2749,0.00012207031,100.0,0.0
y569p229_z207p506,34,100.0,3400.0,1750.0,981.07086,5692.2866,0.00048828125,2075.0566,0.00024414062,100.0,0.0
y569p229_z222p884,34,100.0,3400.0,1750.0,981.07086,5692.2866,0.00048828125,2228.8389,0.00024414062,100.0,0.0
y569p229_z22p967,34,100.0,3400.0,1750.0,981.07086,5692.2866,0.00048828125,229.67299,1.5258789e-05,100.0,0.0
y569p229_z38p346,34,100.0,3400.0,1750.0,981.07086,5692.2866,0.00048828125,383.455,0.0,100.0,0.0
y569p229_z53p724,34,100.0,3400.0,1750.0,981.07086,5692.2866,0.00048828125,537.23694,6.1035156e-05,100.0,0.0
y569p229_z69p102,34,100.0,3400.0,1750.0,981.07086,5692.2866,0.00048828125,691.01904,6.1035156e-05,100.0,0.0
y569p229_z7p589,34,100.0,3400.0,1750.0,981.07086,5692.2866,0.00048828125,75.89101,7.6293945e-06,100.0,0.0
y569p229_z84p480,34,100.0,3400.0,1750.0,981.07086,5692.2866,0.00048828125,844.801,0.0,100.0,0.0
y569p229_z99p858,34,100.0,3400.0,1750.0,981.07086,5692.2866,0.00048828125,998.58295,6.1035156e-05,100.0,0.0
y584p205_z115p237,34,100.0,3400.0,1750.0,981.07086,5842.0513,0.00048828125,1152.3649,0.00012207031,100.0,0.0
y584p205_z130p615,34,100.0,3400.0,1750.0,981.07086,5842.0513,0.00048828125,1306.1471,0.00012207031,100.0,0.0
y584p205_z145p993,34,100.0,3400.0,1750.0,981.07086,5842.0513,0.00048828125,1459.929,0.0,100.0,0.0
y584p205_z161p371,34,100.0,3400.0,1750.0,981.07086,5842.0513,0.00048828125,1613.711,0.0,100.0,0.0
y584p205_z176p749,34,100.0,3400.0,1750.0,981.07086,5842.0513,0.00048828125,1767.493,0.0,100.0,0.0
y584p205_z192p127,34,100.0,3400.0,1750.0,981.07086,5842.0513,0.00048828125,1921.2749,0.00012207031,100.0,0.0
y584p205_z207p506,34,100.0,3400.0,1750.0,981.07086,5842.0513,0.00048828125,2075.0566,0.00024414062,100.0,0.0
y584p205_z222p884,34,100.0,3400.0,1750.0,981.07086,5842.0513,0.00048828125,2228.8389,0.00024414062,100.0,0.0
y584p205_z22p967,34,100.0,3400.0,1750.0,981.07086,5842.0513,0.00048828125,229.67299,1.5258789e-05,100.0,0.0
y584p205_z38p346,34,100.0,3400.0,1750.0,981.07086,5842.0513,0.00048828125,383.455,0.0,100.0,0.0
y584p205_z53p724,34,100.0,3400.0,1750.0,981.07086,5842.0513,0.00048828125,537.23694,6.1035156e-05,100.0,0.0
y584p205_z69p102,34,100.0,3400.0,1750.0,981.07086,5842.0513,0.00048828125,691.01904,6.1035156e-05,100.0,0.0
y584p205_z7p589,34,100.0,3400.0,1750.0,981.07086,5842.0513,0.00048828125,75.89101,7.6293945e-06,100.0,0.0
y584p205_z84p480,34,100.0,3400.0,1750.0,981.07086,5842.0513,0.00048828125,844.801,0.0,100.0,0.0
y584p205_z99p858,34,100.0,3400.0,1750.0,981.07086,5842.0513,0.00048828125,998.58295,6.1035156e-05,100.0,0.0
y599p182_z115p237,34,100.0,3400.0,1750.0,981.07086,5991.8174,0.00048828125,1152.3649,0.00012207031,100.0,0.0
y599p182_z130p615,34,100.0,3400.0,1750.0,981.07086,5991.8174,0.00048828125,1306.1471,0.00012207031,100.0,0.0
y599p182_z145p993,34,100.0,3400.0,1750.0,981.07086,5991.8174,0.00048828125,1459.929,0.0,100.0,0.0
y599p182_z161p371,34,100.0,3400.0,1750.0,981.07086,5991.8174,0.00048828125,1613.711,0.0,100.0,0.0
y599p182_z176p749,34,100.0,3400.0,1750.0,981.07086,5991.8174,0.00048828125,1767.493,0.0,100.0,0.0
y599p182_z192p127,34,100.0,3400.0,1750.0,981.07086,5991.8174,0.00048828125,1921.2749,0.00012207031,100.0,0.0
y599p182_z207p506,34,100.0,3400.0,1750.0,981.07086,5991.8174,0.00048828125,2075.0566,0.00024414062,100.0,0.0
y599p182_z222p884,34,100.0,3400.0,1750.0,981.07086,5991.8174,0.00048828125,2228.8389,0.00024414062,100.0,0.0
y599p182_z22p967,34,100.0,3400.0,1750.0,981.07086,5991.8174,0.00048828125,229.67299,1.5258789e-05,100.0,0.0
y599p182_z38p346,34,100.0,3400.0,1750.0,981.07086,5991.8174,0.00048828125,383.455,0.0,100.0,0.0
y599p182_z53p724,34,100.0,3400.0,1750.0,981.07086,5991.8174,0.00048828125,537.23694,6.1035156e-05,100.0,0.0
y599p182_z69p102,34,100.0,3400.0,1750.0,981.07086,5991.8174,0.00048828125,691.01904,6.1035156e-05,100.0,0.0
y599p182_z7p589,34,100.0,3400.0,1750.0,981.07086,5991.8174,0.00048828125,75.89101,7.6293945e-06,100.0,0.0
y599p182_z84p480,34,100.0,3400.0,1750.0,981.07086,5991.8174,0.00048828125,844.801,0.0,100.0,0.0
y599p182_z99p858,34,100.0,3400.0,1750.0,981.07086,5991.8174,0.00048828125,998.58295,6.1035156e-05,100.0,0.0
y60p028_z115p237,34,100.0,3400.0,1750.0,981.07086,600.27795,6.1035156e-05,1152.3649,0.00012207031,100.0,0.0
y60p028_z130p615,34,100.0,3400.0,1750.0,981.07086,600.27795,6.1035156e-05,1306.1471,0.00012207031,100.0,0.0
y60p028_z145p993,34,100.0,3400.0,1750.0,981.07086,600.27795,6.1035156e-05,1459.929,0.0,100.0,0.0
y60p028_z161p371,34,100.0,3400.0,1750.0,981.07086,600.27795,6.1035156e-05,1613.711,0.0,100.0,0.0
y60p028_z176p749,34,100.0,3400.0,1750.0,981.07086,600.27795,6.1035156e-05,1767.493,0.0,100.0,0.0
y60p028_z192p127,34,100.0,3400.0,1750.0,981.07086,600.27795,6.1035156e-05,1921.2749,0.00012207031,100.0,0.0
y60p028_z207p506,34,100.0,3400.0,1750.0,981.07086,600.27795,6.1035156e-05,2075.0566,0.00024414062,100.0,0.0
y60p028_z222p884,34,100.0,3400.0,1750.0,981.07086,600.27795,6.1035156e-05,2228.8389,0.00024414062,100.0,0.0
y60p028_z22p967,34,100.0,3400.0,1750.0,981.07086,600.27795,6.1035156e-05,229.67299,1.5258789e-05,100.0,0.0
y60p028_z38p346,34,100.0,3400.0,1750.0,981.07086,600.27795,6.1035156e-05,383.455,0.0,100.0,0.0
y60p028_z53p724,34,100.0,3400.0,1750.0,981.07086,600.27795,6.1035156e-05,537.23694,6.1035156e-05,100.0,0.0
y60p028_z69p102,34,100.0,3400.0,1750.0,981.07086,600.27795,6.1035156e-05,691.01904,6.1035156e-05,100.0,0.0
y60p028_z7p589,34,100.0,3400.0,1750.0,981.07086,600.27795,6.1035156e-05,75.89101,7.6293945e-06,100.0,0.0
y60p028_z84p480,34,100.0,3400.0,1750.0,981.07086,600.27795,6.1035156e-05,844.801,0.0,100.0,0.0
y60p028_z99p858,34,100.0,3400.0,1750.0,981.07086,600.27795,6.1035156e-05,998.58295,6.1035156e-05,100.0,0.0
y75p004_z115p237,34,100.0,3400.0,1750.0,981.07086,750.04205,6.1035156e-05,1152.3649,0.00012207031,100.0,0.0
y75p004_z130p615,34,100.0,3400.0,1750.0,981.07086,750.04205,6.1035156e-05,1306.1471,0.00012207031,100.0,0.0
y75p004_z145p993,34,100.0,3400.0,1750.0,981.07086,750.04205,6.1035156e-05,1459.929,0.0,100.0,0.0
y75p004_z161p371,34,100.0,3400.0,1750.0,981.07086,750.04205,6.1035156e-05,1613.711,0.0,100.0,0.0
y75p004_z176p749,34,100.0,3400.0,1750.0,981.07086,750.04205,6.1035156e-05,1767.493,0.0,100.0,0.0
y75p004_z192p127,34,100.0,3400.0,1750.0,981.07086,750.04205,6.1035156e-05,1921.2749,0.00012207031,100.0,0.0
y75p004_z207p506,34,100.0,3400.0,1750.0,981.07086,750.04205,6.1035156e-05,2075.0566,0.00024414062,100.0,0.0
y75p004_z222p884,34,100.0,3400.0,1750.0,981.07086,750.04205,6.1035156e-05,2228.8389,0.00024414062,100.0,0.0
y75p004_z22p967,34,100.0,3400.0,1750.0,981.07086,750.04205,6.1035156e-05,229.67299,1.5258789e-05,100.0,0.0
y75p004_z38p346,34,100.0,3400.0,1750.0,981.07086,750.04205,6.1035156e-05,383.455,0.0,100.0,0.0
y75p004_z53p724,34,100.0,3400.0,1750.0,981.07086,750.04205,6.1035156e-05,537.23694,6.1035156e-05,100.0,0.0
y75p004_z69p102,34,100.0,3400.0,1750.0,981.07086,750.04205,6.1035156e-05,691.01904,6.1035156e-05,100.0,0.0
y75p004_z7p589,34,100.0,3400.0,1750.0,981.07086,750.04205,6.1035156e-05,75.89101,7.6293945e-06,100.0,0.0
y75p004_z84p480,34,100.0,3400.0,1750.0,981.07086,750.04205,6.1035156e-05,844.801,0.0,100.0,0.0
y75p004_z99p858,34,100.0,3400.0,1750.0,981.07086,750.04205,6.1035156e-05,998.58295,6.1035156e-05,100.0,0.0
y89p981_z115p237,34,100.0,3400.0,1750.0,981.07086,899.80804,6.1035156e-05,1152.3649,0.00012207031,100.0,0.0
y89p981_z130p615,34,100.0,3400.0,1750.0,981.07086,899.80804,6.1035156e-05,1306.1471,0.00012207031,100.0,0.0
y89p981_z145p993,34,100.0,3400.0,1750.0,981.07086,899.80804,6.1035156e-05,1459.929,0.0,100.0,0.0
y89p981_z161p371,34,100.0,3400.0,1750.0,981.07086,899.80804,6.1035156e-05,1613.711,0.0,100.0,0.0
y89p981_z176p749,34,100.0,3400.0,1750.0,981.07086,899.80804,6.1035156e-05,1767.493,0.0,100.0,0.0
y89p981_z192p127,34,100.0,3400.0,1750.0,981.07086,899.80804,6.1035156e-05,1921.2749,0.00012207031,100.0,0.0
y89p981_z207p506,34,100.0,3400.0,1750.0,981.07086,899.80804,6.1035156e-05,2075.0566,0.00024414062,100.0,0.0
y89p981_z222p884,34,100.0,3400.0,1750.0,981.07086,899.80804,6.1035156e-05,2228.8389,0.00024414062,100.0,0.0
y89p981_z22p967,34,100.0,3400.0,1750.0,981.07086,899.80804,6.1035156e-05,229.67299,1.5258789e-05,100.0,0.0
y89p981_z38p346,34,100.0,3400.0,1750.0,981.07086,899.80804,6.1035156e-05,383.455,0.0,100.0,0.0
y89p981_z53p724,34,100.0,3400.0,1750.0,981.07086,899.80804,6.1035156e-05,537.23694,6.1035156e-05,100.0,0.0
y89p981_z69p102,34,100.0,3400.0,1750.0,981.07086,899.80804,6.1035156e-05,691.01904,6.1035156e-05,100.0,0.0
y89p981_z7p589,34,100.0,3400.0,1750.0,981.07086,899.80804,6.1035156e-05,75.89101,7.6293945e-06,100.0,0.0
y89p981_z84p480,34,100.0,3400.0,1750.0,981.07086,899.80804,6.1035156e-05,844.801,0.0,100.0,0.0
y89p981_z99p858,34,100.0,3400.0,1750.0,981.07086,899.80804,6.1035156e-05,998.58295,6.1035156e-05,100.0,0.0
ALL,20400,100.0,3400.0,1750.0,981.0708,3071.3997,1728.7969,1152.3651,664.4142,100.0,0.0
